 {

 "array_json_prueba_1":[
   {
    "parte": 1,
    "enunciado_general":"Where can you see the following signs?",
    "preguntas":[
    "1.",
    "2.",
    "3.",
    "4.",
    "5."
    ],
    "respuestas":[
    ["A. In a classroom","B. In a gym","C. In a sauna"],
    ["A. In a park","B. In an opera concert","C. In a restaurante"],
    ["A. At a beach","B. In a water park","C. In a public swimming pool"],
    ["A. In the university","B. In the reading auditorium","C. In the teacher's house"],
    ["A. In a museum store","B. In an art gallery","C. In a mall"]
    ],
    "respuestas_correctas":[1,2,0,0,1],
    "imagen":[
    "http://www.pruebastipoicfes.com/img/8pr_2_1.PNG",
    "http://www.pruebastipoicfes.com/img/8pr_2_2.PNG",
    "http://www.pruebastipoicfes.com/img/8pr_2_3.PNG",
    "http://www.pruebastipoicfes.com/img/8pr_2_4.PNG",
    "http://www.pruebastipoicfes.com/img/8pr_2_5.PNG"
    ]

   },

 {
    "parte": 2,
   "enunciado_general": "Match the two columns to obtain concepts with meanings.",
   
    "preguntas": ["6. A dose of medicine in the form of a small pellet.",
    "7. A sudden severe instance of abnormal heart function. ",
    "8. An adhesive gauze strip. ",
    "9. Respiratory disorder characterized by wheezing; usually of allergic origin. ",
    "10.A licensed medical practitioner."],

    "respuestas": [
    ["A. Band-Aid","B. Pill","C. Heart attack","D. Flu","E. Smallpox","F. Asthma","G. Chickenpox","H. Doctor"],
    ["A. Band-Aid","B. Pill","C. Heart attack","D. Flu","E. Smallpox","F. Asthma","G. Chickenpox","H. Doctor"],
    ["A. Band-Aid","B. Pill","C. Heart attack","D. Flu","E. Smallpox","F. Asthma","G. Chickenpox","H. Doctor"],
    ["A. Band-Aid","B. Pill","C. Heart attack","D. Flu","E. Smallpox","F. Asthma","G. Chickenpox","H. Doctor"],
    ["A. Band-Aid","B. Pill","C. Heart attack","D. Flu","E. Smallpox","F. Asthma","G. Chickenpox","H. Doctor"]],

   "respuestas_correctas":[1,2,0,5,7]
  
  },

  {
    "parte": 3,
    "enunciado_general":"Choose the best answer for the following short dialogues.",
    "preguntas":[
    "11. Participant 1: “Have you ever been to Poland?” ",
    "12. Participant 1: “Where has Mary worked last year?” ",
    "13. Participant 1: “Let's take a trip to the countryside!” ",
    "14. Participant 1: “I lost the car keys!” ",
    "15. Participant 1: “I’m going to do that again.” "
    ],
    "respuestas":[
    ["A. No, I have drunk coffee","B. I don’t like the sea.","C. Of course I love British people.","D. Yeah! I have been several times."],
    ["A. She has been in Bruges.","B. She has prepared pasta.","C. She has worked in a brewery.","D. She likes to dance."],
    ["A. Sounds like a terrible plan.", "B. It is not a good day for dancing.","C. We are going to party again","D. Secrets on my own."],
    ["A. Have you looked in your house?","B. I saw them in a horrible bag.","C. Sorry, I’m not there","D. Take your time for it."],
    ["A. No, you are feeling bad.","B. That caused you a lot of problems.", "C. This is a good deal.","D. I’m not sure about the price."]
    ],
     "respuestas_correctas":[3,2,0,0,1]
  },
  {
    "parte":4,
    "enunciado_general":"Choose the correct word on the list to complete the text.",
    "titulo":"THE GOLDEN TOUCH",
    "texto":"This <span class='tx_1'>(16) ___</span> the story of a very greedy rich man <span class='tx_1'>(17) ___</span> chanced upon meeting <span class='tx_1'>(18) ___ </span>fairy. The fairy’s hair was caught in a few tree branches. Realising he <span class='tx_1'>(19) ___</span> an opportunity to make even more money, he asked for a wish in return for <span class='tx_1'>(20) ___</span> the fairy. He said, ’All that <span class='tx_1'>(21) ___</span> touch should turn to gold’, and his wish was granted by the grateful fairy.The greedy man rushed home to tell his wife and daughter about his new boon, all the while touching stones and pebbles and converting them into gold. Once he got home, his daughter <span class='tx_1'>(22) ___</span> to greet him. As soon as he bent down to scoop her up in his arms, she turned into a gold statue. He realized his folly and spent the rest of his days searching for the fairy to <span class='tx_1'>(23) ___</span> away his wish.",
    "preguntas":[
    "16",
    "17",
    "18",
    "19",
    "20",
    "21",
    "22",
    "23"],
    "respuestas":[
    ["a) are","b) is ","c) my","d. am"],
    ["a) who","b) whom ","c) where","d. why"],
    ["a) that","b) the ","c) a","d. an"],
    ["a) has had","b) haved ","c) had","d. has"],
    ["a) helped","b) is helping ","c) helping","d. helps"],
    ["a) I","b) he  ","c) she is","d. his"],
    ["a) rushes","b) rush ","c) rushs","d. rushed"],
    ["a) taking","b) taken ","c) took","d. take"]
    ],
    "respuestas_correctas":[1,0,2,2,2,0,3,3]

  },
  {
    "parte":5,
    "enunciado_general":"Read the article and then answer the questions.",
    "titulo":"THE GROUP OF FROGS",
    "texto":"As a group of frogs was traveling through the woods, two of them fell into a deep pit. When the other frogs crowded around the pit and saw how deep it was, they told the two frogs that there was no hope left for them. However, the two frogs decided to ignore what the others were saying and they proceeded to try and jump out of the pit. Despite their efforts, the group of frogs at the top of the pit were still saying that they should just give up. That they would never make it out. Eventually, one of the frogs took heed to what the others were saying and he gave up, falling down to his death. The other frog continued to jump as hard as he could. Again, the crowd of frogs yelled at him to stop the pain and just die. He jumped even harder and finally made it out. When he got out, the other frogs said, “Did you not hear us?” The frog explained to them that he was deaf. He thought they were encouraging him the entire time.",
    "preguntas":[
    "24. The two frogs fell into:",
    "25. What did the frog think they were doing?",
    "26. What did they try to do after ignoring them? ",
    "27. The group of frogs had a bad thought about the frogs in the pit:",
    "28. One of the frogs finally:",
    "29. What did the last frog do? ",
    "30. The crowd of frogs: "
    ],
   
    "respuestas":[
    ["a) A deep house","b) A really nice village","c) A deep pit"],
    ["a) Saying something","b) Explaining that he was deaf","c) Encouraging him the entire time"],
    ["a) Score a goal","b) Jump the obstacles","c) Jump out of the pit"],
    ["a) They had a really bad problem","b) They should give up","c) The people are so bad"],
    ["a) Spends its life thinking"," b) Gave up"," c) Stop the time  "],
    ["a) It continued jumping","b) It started again","c) It ate an insect"],
    ["a) Yelled at him to stop the pain and just die.","b) Was sold in an auction.","c) Is a symbol for frogs."]
    ],
    "respuestas_correctas":[2,2,2,1,1,0,0]
  },
  {
    "parte":6,
    "enunciado_general":"Based on the reading, answer the following questions.",
    "titulo":"TOP OF THE MAST",
    "texto":"The captain ordered me to the top of the mast. The main sail needed to be secured. The wind howled and its sharp fingers scratched at my shirt, making it ripple fiercely. The waves pounded against the ship’s wooden beams. Each wave thrust the ship to the side and the main mast shivered, nearly tossing me down into the violent swell of the ocean. I hung onto the mast for dear life, determined to do my job.",
    "preguntas":[
    "31. What is the writer trying to do in this reading? ",
    "32. What does the author suggest when he says: “The captain ordered me to the top of the mast” ",
    "33. The meaning of the word “howled” can be changed for:",
    "34. Is the character frightened about the Captain’s order?",
    "35. What was the weather like?"],

    "respuestas":[
    ["a. Creating a new character","b. Showing the hard life of a mariner","c. Taking notes of a class","d. Bringing information about a sail"],
    ["a. The soldier is in trouble","b. The sea was suffering a tsunami","c. The marine was a rebel","d. The man in charge of the vessel gave a direct command."],
    ["a. Blew","b. Hit ","c. Played","d. Worked"],
    ["a. No way, he was ready to do that","b. Sincerely yes, he is","c. I’m not sure about the weather","d. Nature tears the vessel to shreds "],
    ["a. Sunny","b. Cloudy","c. Perfect","d. Stormy"]
    ],
     "respuestas_correctas":[1,3,0,0,3]
  },
  {
    "parte":7,
    "enunciado_general":"Choose the correct word on the list to complete the text.",
    "titulo":"MY NAME IS BEN",
    "texto":"My name <span class='tx_1'>(36) ___</span> Ben and I come from Australia. I am 24 years old and I live in a small <span class='tx_1'>(37) ___ </span>near Sydney called Branton. I don't have a job now, but normally I <span class='tx_1'>(38) ___</span> shop windows. I am not married but I <span class='tx_1'>(39) ___</span> with my very beautiful girlfriend, Maria, in a nice house in <span class='tx_1'>(40) ___.</span> We don't have any children - maybe next year. My girlfriend is an <span class='tx_1'>(41) ___</span>, but she isn't very famous. She acts in a small theatre in our town. At the weekend, we like to go swimming in a big <span class='tx_1'>(42) ___</span> near our house. I normally get up at eight o'clock, but on Thursday I get up at six o'clock because that is the day when I go <span class='tx_1'>(43) ___</span> in the park. I like living in Branton <span class='tx_1'>(44) ___</span> it's not too big. There are some historical buildings in the centre of the town and near Branton, there is a river where I go fishing sometimes when I <span class='tx_1'>(45) ___</span> to relax.",
    "preguntas":[
    "36",
    "37",
    "38",
    "39",
    "40",
    "41",
    "42",
    "43",
    "44",
    "45"
    ],
    "respuestas":[
    ["a. is not","b. are","c. is","d. am"],
    ["a. town","b. country ","c. big city","d. society"],
    ["a. clean","b. fix","c. stop","d. break"],
    ["a. cry","b. live","c. hunt","d. study"],
    ["a. New York","b. Australia","c. Sydney","d. Branton"],
    ["a. rugby player","b. b. actor","c. actress","d. actresses"],
    ["a. ball pool ","b. field","c. lake","d. house "],
    ["a. running","b. run","c. ran","d. sleeping"],
    ["a. however","b. because","c. before","d. so"],
    ["a. drink","b. want","c. wants","d. drink"]
    
    ],
    "respuestas_correctas":[2,0,0,1,3,2,2,0,1,1]
    }
  ]
}

