{
	"array_json_prueba_1":[
		{	
			"curso":["11"],
			"parte":1,
			"enunciado_general":"¿Dónde puede ver estos avisos? En las preguntas 1-5 marque A, B ò C en su hoja de respuestas.",
			"preguntas":["1.","2.","3.","4.","5."],
			"respuestas":[
				["A. In a gas station","B. In a fireplace","C. In a park"],
				["A. In a park","B. In a shopping center","C. In a pet shop"],
				["A. In a factory","B. In a store","C. On a road"],
				["A. On a sweater","B. On a fridge","C. In an ice cream box"],
				["A. In the street","B. In a meeting room","C. In a park"]
			],
			"respuestas_correctas":[2,1,2,2,1],
			"imagen":[
    		"https://www.pruebastipoicfes.com/img/11pr_4_1.PNG",
    		"https://www.pruebastipoicfes.com/img/11pr_4_2.png",
    		"https://www.pruebastipoicfes.com/img/11pr_4_3.PNG",
    		"https://www.pruebastipoicfes.com/img/11pr_4_4.png",
			"https://www.pruebastipoicfes.com/img/11pr_4_5.PNG"
			]
		},
		{
			"parte":2,
			"enunciado_general":"¿Cuál palabra (A-H) concuerda con la descripción de la frase de la izquierda (6-10)? En las preguntas 6-10 marque A a H.",
			"preguntas":["6. Utensil we use to eat.",
				"7. Women use it on their faces and eyes to make them look beautiful.",
				"8. Birds have many of these.",
				"9. Very important organ in your body that beats.",
				"10. What you do in a pool or in the sea."],
			"respuestas":[
				["A. FEATHERS","B. HEART","C. SHOES","D. BEAK","E. SCHOOL","F. SWIM","G. FORK", "H. MAKEUP"],
				["A. FEATHERS","B. HEART","C. SHOES","D. BEAK","E. SCHOOL","F. SWIM","G. FORK", "H. MAKEUP"],
				["A. FEATHERS","B. HEART","C. SHOES","D. BEAK","E. SCHOOL","F. SWIM","G. FORK", "H. MAKEUP"],
				["A. FEATHERS","B. HEART","C. SHOES","D. BEAK","E. SCHOOL","F. SWIM","G. FORK", "H. MAKEUP"],
				["A. FEATHERS","B. HEART","C. SHOES","D. BEAK","E. SCHOOL","F. SWIM","G. FORK", "H. MAKEUP"]
			],
			"respuestas_correctas":[6,7,0,1,5]
		},
		{
			"parte":3,
			"enunciado_general":"Completa las conversaciones. En las preguntas 11 a 15, marque A, B ò C en su hoja de respuestas.",
			"preguntas":["11. I am going on vacation to London.",
				"12. I can’t drink a hot tea. It is horrible!",
				"13. What do you do?",
				"14. How was your day?",
				"15. Why don’t you come with your dad to Bogotá?"
			],
			"respuestas":[
				["A. You are second","B. sounds great","C. I like running"],
				["A. I think so", "B. I will","C. I agree"],
				["A. I’m a teacher","B. I’m Filomena","C. I’m married"],
				["A. It was rainy","B. It was perfect","C. The day was windy"],
				["A. Thanks, he is nice.","B. Sure, let’s go next week","C. Yes, he was in Bogotá"]
			],
			"respuestas_correctas":[1,2,0,1,1]
		},
		 {
		    "parte":4,
		    "enunciado_general":"Lee el texto de la siguiente parte. Escoja la palabra (A, B, o C) para cada espacio. En las preguntas 16-24 marque A, B ò C en su hoja de respuestas.",
		    "titulo":"BULLYING WHY ME?",
		    "texto":"There’s a gang of kids <span class='tx_1'>(16)___</span> my school <span class='tx_1'>(17)___</span> are making my life hell. A few weeks<span class='tx_1'>(18)___</span> they asked me for money. I said no, but then they pushed me and hit me. Like a fool, I<span class='tx_1'>(19)___</span> them my bus fare and so I had to walk home. But that <span class='tx_1'>(20)___</span> was only the start of it.Every day after that they asked for more. I had to take money from my mum’s purse to <span class='tx_1'>(21)___</span>them. Now I can’t face them anymore. I haven’t <span class='tx_1'>(22)___ </span>to school for over a week. I’m so afraid ofthem! I’ve got a fever and I throw up everything I eat. I just can’t <span class='tx_1'>(23)___</span> wondering “why me”?What should I do? I can´t talk to anyone else <span class='tx_1'>(24)___</span> my problem. Please help me.Robert, Edinburgh.",
		    "preguntas":[
		    "16.",
		    "17.",
		    "18.",
		    "19.",
		    "20.",
		    "21.",
		    "22.",
		    "23.",
			"24."],
		    "respuestas":[
		    ["A) on","B) at","C) this"],
		    ["A) what","B) how","C) who"],
		    ["A) ago","B) last ","C) are"],
		    ["A) give","B) made","C) gave"],
		    ["A) were ","B) was ","C) are"],
		    ["A) be ","B) were ","C) give"],
		    ["A) do ","B) been ","C) have"],
		    ["A) every","B) all","C) help"],
		    ["A) of","B) about","C) through"]
		    ],
		    "respuestas_correctas":[1,2,0,2,1,2,1,2,1]
		  },
		  {
		    "parte":5,
		    "enunciado_general":"Lee el artículo y luego responda a las preguntas. En las preguntas 24 a 30 marque A, B C ò D en su hoja de respuestas.",
		    "titulo":"Artículo",
		    "texto":"Today is my first day at my new school in Ipoh. I am surprised that it is even bigger than my oldschool in Kuala Lumpur.The school has three blocks. Two of them consist of classrooms whilethe third, which is the Main Block, consists of the hall, library, computer rooms, laboratories, andstaff offices. Each of the blocks has three floors. My classroom is on the second floor of Block Awhere the Form One and Two classes are located. Block B is only for the Form Three to Fiveclassrooms.<br>The hall can easily accommodate over 1000 students in the school. It also has four badmintoncourts. I have applied to become a member of the library. I think I will be spending a lot of timestudying there because it is air-conditioned and very comfortable. It is filled with shelves ofbooks and there are enough tables and chairs for 50 students.<br>There is a canteen on the ground floor of Block B. Behind the row of buildings is a big field.This is where football and hockey matches are held. In front of the buildings are a garden and acar park for the staff. I like my new school very much.",
		    "preguntas":[
		    "24. What is the main difference between the writer’s old and new school?",
		    "25. The headmaster’s office is located",
		    "26. The Main Block is different from the rest of the school because it",
		    "27. Where can the students play games?",
		    "28. Why does the writer like the library?",
		    "29. The canteen is situated",
		    "30. What is this diary entry mainly about?"
		    ],
		    "respuestas":[
		    ["a. The writer’s previous school is newer.","b. The writer’s old school is smaller.","c. The school in Kuala Lumpur is newer", "d. The new school has more students"],
		   ["a. in Block A","b. in Block B","c. in the Main Block", "d. on the ground floor of the Main Block"],
		   ["a. does not have classrooms","b. is the largest building","c. has more floors", "d. has good facilities"],
		   ["a. In the hall","b. At the field","c. In the hall and at the field", "d. In the hall, at the field and in the garden"],
		    ["a. It is cool.","b. She is a member.","c. It is filled with books.", "d. It has tables and chairs."],
		    ["a. below the classrooms","b. next to the hall","c. behind the field", "d. in front of the car park"],
		    ["a. The writer moving to Ipoh from Kuala Lumpur","b. The writer’s opinion of a good school","c. A school with good facilities", "d. The writer’s new school"]
		    ],
		    "respuestas_correctas":[1,2,0,2,0,0,3]
		  },
		  {
		    "parte":6,
		    "enunciado_general":"Lee el siguiente texto. En las preguntas 31 a 35, marque A, B, C ò D en su hoja de respuestas.",
		    "titulo":"Artículo",
		    "texto":"Dear Etna,I hope you are getting used to hostel life. I really miss you as we have been sharing a room since we were small. To cheer myself up, I redecorated the room, so don’t get a shock when you come home and find it totally different.<br>I exchanged our double bed with the single bed in the guest room. I have put it right below the window so that the sun will wake me up in the morning. The cupboard is now at the foot of the bed and the dressing table is next to it. With the desk next to the door, the room is more spacious now.<br>Dad helped me paint the walls light green. Mum sewed some new colorful bed sheets.The room looks much brighter now. I dug up an old lampshade from the storeroom and put it on the desk. It really makes the room romantic in the evenings!I have also decorated the room with some of my handicraft items. Do you remember the cross-stitch piece I did of a beach scene?  I had it framed and hung on the wall. I dried some flowers from our garden and put them in a vase on the desk. They look lovely.<br>I know you will love the way our room looks now. I bet your hostel is not half as nice as our room! Do write soon.Love,Karen",
		    "preguntas":[
		    "31. Karen redecorated her room because",
		    "32. From the passage, we know that Karen’s room",
		    "33. What furniture did Karen replace?",
		    "34. What do we know about Karen’s room before it was redecorated?",
		    "35. The phrase at the foot of the bed means"
		    ],
		    "respuestas":[
		    ["A) Etna was staying at a hostel","B) it helped her feel better","C) she wanted to shock Etna","D) she didn’t like her old room"],
		    ["A) is in a hostel","B) is bigger now","C) gets the morning sun","D) is shared with her parents"],
		    ["A) Bed","B) Dressing table","C) Cupboard","D) Desk"],
		    ["A) The bed was below the window","B) The room was not so spacious.","C) The cupboard was at the foot of the bed","D) The dressing table was next to the cupboard."],
		    ["A) beside the bed","B) above the bed","C) under the bed","D) at the end of the bed"]
		    ],
		    "respuestas_correctas":[1,2,0,1,3]
		  },
		  {
		    "parte":7,
		    "enunciado_general":"Responde las preguntas 36 a 45 de acuerdo con el siguiente texto.",
		    "titulo":"Is travelling important?",
		    "texto":"Everyone keeps saying <span class='tx_1'>(36)___</span>   important it is to travel. So what's all this fuss about? It is simply one way to spend some good free time. There are of course <span class='tx_1'>(37)___</span>   problems to overcome. But it is certainly a good way to spend part of your free time.The first advantage of travelling is the ability <span class='tx_1'>(38)___</span>   visiting interesting places and meeting new people. It is obviously an opportunity to know other cultures, languages and traditions, <span class='tx_1'>(39)___</span> is undoubtedly of great interest. Secondly, it is usually considered that travelling educates, so whilst travelling as well as exploring the world we can widen our knowledge and become more open minded. Thus we gain experience and are better prepared to cope with new unexpected situations in life. Furthermore, travelling is the <span class='tx_1'>(40)___</span>    solution for those of us who suffer from boredom or want to get away from daily routine. New adventures provide people with some fun and can also make dreams come true.On the other hand, travelling <span class='tx_1'>(41)___</span>  some very important inconveniences. Firstly, travelling costs are often quite high and dissuasive. For instance, travelling <span class='tx_1'>(42)___</span>  plane is becoming increasingly expensive. Thus, not everyone can afford travelling around the world, let's say in one's own beloved country. What is more, travelling, especially to foreign countries can expose us to diseases, which can even sometimes result in death. It can lead to expensive treatments or even worse in the case of fatal car accidents or plane crashes. Another problem is fatigue that can occur while travelling, particularly to distant destinations.To conclude, travelling, going on holiday and tourism are a very good <span class='tx_1'>(43)___</span> of spending time. They can educate, provide new experiences, unforgettable memories and give the opportunity to <span class='tx_1'>(44)___</span>  friends. The benefits of travelling are invaluable, travelling changes you physically and psychologically. Having little time or money <span class='tx_1'>(45)___</span> a valid excuse. Now one can fly for cheap very easily. If you have a full-time job and a family, you can still travel on the weekends or holidays, even with a baby.",
		    "preguntas":[
		    "36.",
		    "37.",
		    "38.",
		    "39.",
		    "40.",
		    "41.",
		    "42.",
		    "43.",
		    "44.",
		    "45."
		    ],
		    "respuestas":[
		    ["(a) why","(b) so ","(c) what","(d) how"],
		    ["(a) any","(b) is","(c) some","(d) much"],
		    ["(a) from","(b) of","(c) to","(d) go"],
		    ["(a) what","(b) when ","(c) whom","(d) which"],
		    ["(a) best","(b) better","(c) most","(d) more"],
		    ["(a) have also","(b) have","(c) has also","(d) also has"],
		    ["(a) by","(b) in","(c) says","(d) on"],
		    ["(a) cause","(b) because","(c) way","(d) state"],
		    ["(a) do","(b) has","(c) be","(d) make"],
		    ["(a) aren´t","(b) is","(c) does ","(d) isn´t"]
		    ],
		    "respuestas_correctas":[3,2,1,3,0,3,0,2,3,3]
		  }
	]
}