 {

 "array_json_prueba_1":[
   {
    "parte": 1,
    "enunciado_general":"¿En dónde puede ver estos avisos? En las preguntas 1-5 marque A, B ò C en su hoja de respuestas.",
    "preguntas":[
    "1.",
    "2.",
    "3.",
    "4.",
    "5."
    ],
    "respuestas":[
    ["A. In a river","B. In a ball pit","C. In a Jacuzzi "],
    ["A. In a living room","B. In a classroom","C. In a restaurant"],
    ["A. In the train station","B. At a car dealership","C. At a racetrack"],
    ["A. On a street","B. In a hospital","C. On a lake"],
    ["A. On a public bus","B. In the taxi station","C. In a major office"]
    ],
    "respuestas_correctas":[0,1,1,0,0],
    "imagen":[
    "https://www.pruebastipoicfes.com/img/11pr_1_1.png",
    "https://www.pruebastipoicfes.com/img/11pr_1_2.png",
    "https://www.pruebastipoicfes.com/img/11pr_1_3.png",
    "https://www.pruebastipoicfes.com/img/11pr_1_4.png",
    "https://www.pruebastipoicfes.com/img/11pr_1_5.png"
    ]

   },

 {
    "parte": 2,
   "enunciado_general": "¿Cuál palabra (A-H) concuerda con la descripción de la frase de la izquierda (6-10)? En las preguntas 6-10 marque A a H.",
   
    "preguntas": ["6. Sport where you grapple with an opponent and try to throw them down on the ground.",
    "7. The sport of climbing mountains.",
    "8. One of a series of upright frames over which athletes in a race must jump. ",
    "9. Sport of fighting with swords in order to score points against an opponent.",
    "10.A game played with cues on a billiard table in which the players use a white cue ball to pocket the other balls in a set order."],

    "respuestas": [
    ["A. Snooker","B. Hurdles","C. Billiard","D. Fencing","E. Wrestling","F. Synchronized swimming","G. Javelin throw", "H. Mountaineering."],
    ["A. Snooker","B. Hurdles","C. Billiard","D. Fencing","E. Wrestling","F. Synchronized swimming ","G. Javelin throw", "H. Mountaineering."],
    ["A. Snooker","B. Hurdles","C. Billiard","D. Fencing","E. Wrestling","F. Synchronized swimming ","G. Javelin throw", "H. Mountaineering."],
    ["A. Snooker","B. Hurdles","C. Billiard","D. Fencing","E. Wrestling","F. Synchronized swimming ","G. Javelin throw", "H. Mountaineering."],
    ["A. Snooker","B. Hurdles","C. Billiard","D. Fencing","E. Wrestling","F. Synchronized swimming ","G. Javelin throw", "H. Mountaineering."]],
   "respuestas_correctas":[4,7,1,3,0]
  },

  {
    "parte": 3,
    "enunciado_general":"En las preguntas 11 a 15, marque A, B, C o D en su hoja de respuestas. ",
    "preguntas":[
    "11. Participant 1: “I need to request a wake-up call for tomorrow morning.” ",
    "12. Participant 1: “Did you see the match last night?” ",
    "13. Participant 1: “How much is that Gucci dress?” ",
    "14. Participant 1: “Can I take it on the freeway to check the acceleration?” ",
    "15. Participant 1: “It's gorgeous here, don't you think?” "
    ],
    "respuestas":[
    ["A. I’m going to call you in a week","B. What time do you want your call?","C. That’s a great proposal for us.","D. She’s not sure about it."],
    ["A. I could not because I don’t like cooking.","B. Of course, but I didn’t do it.","C. Man City was really bad last night.","D. No, it was really hard to find the keys."],
    ["A. I don’t eat a hamburger", "B. We love driving fast.","C. She is a really nice person.","D. Two hundred bucks."],
    ["A. The enterprise is too far","B. You just stop the car for it.","C. That would be fine; just don't exceed the speed limit!","D. I love it."],
    ["A. They are really nice.","B. Please, help me with that.", "C. It’s wonderful.","D. I don’t live here."]
    ],
     "respuestas_correctas":[1,2,3,2,2]
  },
  {
    "parte":4,
    "enunciado_general":"Lee el texto de la siguiente parte. Escoja la palabra (A, B,C o D) para cada espacio. En las preguntas 16 a 23 marque A, B, C o D en su hoja de respuestas.",
    "titulo":"EVERY FORMULA 1 SEASON HAS THEMES - STORYLINES THAT DEFINE THE YEAR.",
    "texto":"Some of these come as a surprise.<span class='tx_1'>(16) ___</span> could have predicted that 2018's championship would turn on so many errors from Sebastian Vettel and Ferrari, for example? Others are more predictable. Every team heading into this year has a series of questions hanging over them that will form part of the narrative of the season, reflective of their immediate history, of expectations and necessities - and the same goes for their drivers. As the clock ticks down to the launches of the new cars and the start of pre-season <span class='tx_1'>(17) ___</span> in mid-February, let's look at the context within which every F1 team is heading into 2019.<br><span class='tx_titulo_1'>MERCEDES</span><br><span class='tx_1'>Drivers:</span> For Lewis Hamilton, nothing <span class='tx_1'>(18) ___</span> will do this year but a sixth world title. The question for Hamilton is: how does he find it in <span class='tx_1'>(19) ___</span> to top last season? Undoubtedly his greatest yet. A virtually flawless 2018, including a number of thrilling, inspirational drives, will not be easy to top. <span class='tx_1'>(20) ___</span> Hamilton headed into the winter saying he was going to work on trying to do exactly that, and he says he is “ready to fight” again. For his team-mate Valtteri Bottas, this could also be a defining season. The Finn <span class='tx_1'>(21) ___</span> last year winless, even if he was unlucky not to take at least two victories, and he has only a one-year deal for 2019. With Esteban Ocon in the wings as reserve driver, and team boss Toto Wolff pledging to find the Frenchman a driver for 2020, the pressure is on Bottas to perform.<br><span class='tx_1'>Team:</span> Mercedes won a fifth consecutive drivers' and constructors' championship last year and this year are <span class='tx_1'>(22) ___</span> to break the all-time record set by Ferrari in the Michael Schumacher era. But last year they were able to achieve their feat only because of Ferrari's implosion - Vettel could have won the title had he had as flawless a season as Hamilton. Ferrari have made steady progress in recent years. In 2017, they were faster for much of the first half of the year, only to be steamrollered when Mercedes took the lead after the summer break. In 2018, Ferrari stepped up again - faster than Mercedes more often than it was the other way around. If that trend continues, Mercedes could have their work cut out. So the pressure is on the world champions to make a significant step forward with their new car <span class='tx_1'>(23) ___</span> year.",
    "preguntas":[
    "16",
    "17",
    "18",
    "19",
    "20",
    "21",
    "22",
    "23"],
    "respuestas":[
    ["a) whom","b) who ","c) where","d. which"],
    ["a) testing","b) tested ","c) to test","d. will test"],
    ["a) to do","b) checked","c) more ","d. else"],
    ["a) herself","b) his ","c) her","d. himself"],
    ["a) before","b) besides","c) nevertheless","d. but"],
    ["a) ended","b) will end","c) ending","d. end"],
    ["a) aiming","b) aimed","c) aim","d. I’m"],
    ["a) that","b) those ","c) these","d. this"]
    ],
    "respuestas_correctas":[1,0,3,3,3,0,0,3]

  },
  {
    "parte":5,
    "enunciado_general":"Lee el artículo y luego responda a las preguntas. En las preguntas 24 a 30 marque A, B ò C en su hoja de respuestas.",
    "titulo":"CHICAGO’S VIRGIL ABLOH NAMED ARTISTIC DIRECTOR OF MENSWEAR AT LOUIS VUITTON",
    "texto":"Paris-based fashion house Louis Vuitton has named Kanye West collaborator Virgil Abloh as its new menswear designer. The 37-year-old is founder of the Off-White label and will become, alongside Balmain's Olivier Rousteing, one of only two people of color in charge of a major fashion house. He replaces Kim Jones, who left in January to become a men's wear designer for Christian Dior. In a statement, Abloh said “I find the heritage and creative integrity of the House are key inspirations and will look to reference them both while drawing parallels to modern times.” Louis Vuitton CEO Michael Burke Monday praised Abloh's “innate creativity and disruptive approach (that) have made him so relevant, not just in the world of fashion but in popular culture today.” The company says Abloh's first show will take place during men's fashion week in Paris in June.",
    "preguntas":[
    "24. The new artistic director of Louis Vuitton is:",
    "25. Virgil Abloh is the founder of:",
    "26. The replacement of Kim Jones at Christian Dior is:",
    "27. Virgil Abloh will be the second man of color in charge of:",
    "28. This person’s name is not associated with Louis Vuitton CEO:",
    "29. Michael Burke is impressed by Virgil Abloh’s:",
    "30. Virgil Abloh’s first show will take place during:"
    ],
   
    "respuestas":[
    ["a) Kanye West","b) Olivier Rousteing","c) Virgil Abloh"],
    ["a) Louis Vuitton","b) Off-White label","c) Paris Fashion Show"],
    ["a) Louis Vuitton","b) Kanye West","c) Virgil Abloh "],
    ["a) Christian Dior","b) A major fashion house","c) Louis Vuitton"],
    ["a) Michael Burke"," b) Louis Vuitton"," c) Olivier Rousteing"],
    ["a) Innate creativity","b) Both are possible","c) Disruptive approach"],
    ["a) Paris men’s fashion week","b) Paris men’s fashion show","c) Milan men’s fashion week "]
    ],
    "respuestas_correctas":[2,1,2,1,2,1,0]
  },
  {
    "parte":6,
    "enunciado_general":"Lee el siguiente texto.En las preguntas 31 a 35, marque A, B, C ò D en su hoja de respuestas",
    "titulo":"THE NEW YORK TIMES PRESENTS:",
    "texto":"<span class='tx_titulo_1'>WHY IS VENEZUELA IN CRISIS?</span> <br>Venezuela was once Latin America’s richest country and one of its longest-running democracies.The short version: Venezuela’s government has overseen the destruction of its democracy and itseconomy. Public outrage is coming to a head. Today, it is nearly a failed state. Runaway inflation has plunged much of the country into desperate poverty. Food and drug shortages are widespread. Public order is collapsing and crime rising.More than three million Venezuelans have fled the country, many as refugees. Public anger is over morethan corruption and mismanagement of the economy.The government is aggressively consolidating power and undermining democratic institutions, leaving Venezuelans without meaningful avenues for challenging or changing their leadership. So, many are takingto the streets to try to force change.<span class='tx_1'>TAKEN FROM: Meridith Kohut for The New York Times</span>",
    "preguntas":[
    "31. What does the author suggest when he says: “Public outrage is coming to a head.”",
    "32. What is the writer trying to do in this article?",
    "33. From the reading, we can conclude and infer that:",
    "34. What is the main problem of the reading:",
    "35. The type of text that is presented in the article is:"],

    "respuestas":[
    ["a. Riots are common nowadays","b. The police are hurting animals","c. The government is not respecting people’s human rights.","d. People are working hard."],
    ["a. Describe an important political event","b. Tell a story full of problems","c. Tell the nice story of Venezuelan people","d. Try to explain why a country is in trouble."],
    ["a. Venezuela is looking for a new democracy.","b. People from Venezuela are bad ","c. Venezuela is located in South America.","d. There are many people in Venezuela"],
    ["a. The people from Venezuela","b. The government of Venezuela","c. The economy of Venezuela","d. The poverty of South America"],
    ["a. Persuasive one","b. Instructive one","c. Descriptive one","d. Informative one"]
    ],
     "respuestas_correctas":[2,3,0,1,2]
  },
  {
    "parte":7,
    "enunciado_general":"Responde las preguntas 36 a 45 de acuerdo con el siguiente texto",
    "titulo":"POWERFUL SNOWSTORM BLANKETS US EAST COAST",
    "texto":"A snowstorm has hit the US East Coast, just a day after unseasonably <span class='tx_1'>(36) __________</span> temperatures. Meteorologists <span class='tx_1'>(37) __________</span> the busy Philadelphia-to-Boston corridor, where millions live, could get <span class='tx_1'>(38) __________</span> 12-18in (30-45cm) of snow. New York, Boston and Philadelphia have closed public schools for the day, and commuters were advised to <span class='tx_1'>(39) __________</span> indoors. More than 3,300 flights have been cancelled, and numerous car <span class='tx_1'>(40) __________</span> have been reported. Why do so many people die <span class='tx_1'>(41) __________</span> snow? New Jersey's emergency management <span class='tx_1'>(42) __________</span> reported about 50 collisions in Thursday morning's commute. “If you need to go out, please, don't <span class='tx_1'>(43) __________</span> your car,” New York Mayor Bill de Blasio said on local television. The <span class='tx_1'>(44) __________</span> comes amid a relatively snow-less <span class='tx_1'>(45) __________</span> for the East Coast.",
    "preguntas":[
    "36",
    "37",
    "38",
    "39",
    "40",
    "41",
    "42",
    "43",
    "44",
    "45"
    ],
    "respuestas":[
    ["a. balmy","b. stoppable","c. gorgeous","d. adaptable"],
    ["a. predict","b. predicts ","c. shows ","d. steal"],
    ["a. across","b. between","c. among","d. under"],
    ["a. work","b. stay","c. play","d. kill"],
    ["a. problems","b. crying","c. accidents","d. ideas"],
    ["a. suffering","b. surfing","c. shovelling","d. sharing "],
    ["a. firemen","b. policemen","c. officials","d. players"],
    ["a. uses","b. shop","c. stay","d. use"],
    ["a. fire","b. lightning","c. wind","d. snowfall"],
    ["a. winter","b. autumn","c. spring","d. summer"]
    
    ],
    "respuestas_correctas":[0,0,1,1,2,2,2,3,3,0]
    }
  ]
}

