 {

 "array_json_prueba_1":[
   {
    "parte": 1,
    "enunciado_general":"Where can you see the following signs?",
    "preguntas":[
    "1.",
    "2.",
    "3.",
    "4.",
    "5."
    ],
    "respuestas":[
    ["A. In a bank","B. In a garage","C. In a basketball arena"],
    ["A. On a street","B. In a museum","C. In a theatre"],
    ["A. In a boutique","B. In a cinema","C. In a hotel"],
    ["A. In a restaurant","B. In a school","C. In a laboratory"],
    ["A. In a chemistry testing lab","B. In a university room","C. In a stadium"]
    ],
    "respuestas_correctas":[2,0,0,1,0],
    "imagen":[
    "img/7pr_1_1.png",
    "img/7pr_1_2.png",
    "img/7pr_1_3.png",
    "img/7pr_1_4.png",
    "img/7pr_1_5.png"
    ]

   },

 {
    "parte": 2,
   "enunciado_general": "Match the two columns to obtain concepts with meanings.",
   
    "preguntas": ["6. A game in which two teams of 11 players try tokick or headbutt a ball into the opponents’ goal.",
    "7. To win you have to hit a ball with a bat as far asyou can.",
    "8. It is a game in which you have to move somepieces and use a lot your mind to win.",
    "9. A form of football played with an oval ball. ",
    "10.The sport of competing in races on a bicycle."],

    "respuestas": [
    ["A. Football","B. Swimming","C. Boxing","D. Chess","E. Rugby","F. Volleyball","G. Cycling","H. Cycling"],
    ["A. Football","B. Swimming","C. Boxing","D. Chess","E. Rugby","F. Volleyball","G. Cycling","H. Cycling"],
    ["A. Football","B. Swimming","C. Boxing","D. Chess","E. Rugby","F. Volleyball","G. Cycling","H. Cycling"],
    ["A. Football","B. Swimming","C. Boxing","D. Chess","E. Rugby","F. Volleyball","G. Cycling","H. Cycling"],
    ["A. Football","B. Swimming","C. Boxing","D. Chess","E. Rugby","F. Volleyball","G. Cycling","H. Cycling"]],

   "respuestas_correctas":[0,7,3,4,6]
  
  },

  {
    "parte": 3,
    "enunciado_general":"Choose the best answer for the following short dialogues.",
    "preguntas":[
    "11. Participant 1: “Hey son! Can you help me with the bags?” ",
    "12. Participant 1: “Are you going to Janelle’s party?” ",
    "13. Participant 1: “What is your phone’s brand?” ",
    "14. Participant 1: “Which was the last movie you saw in the cinema?”",
    "15. Participant 1: “It&#39;s a nice day for going to a swimming pool!”"
    ],
    "respuestas":[
    ["A. Sorry, I’ve lost my way.","B. I live near your house so I can.","C. Of course mum.","D. I am a kind son."],
    ["A. Sure, I have the snacks for it.","B. I’m not sure, I’m happy.","C. He works with Janelle.","D. We live in New York."],
    ["A. I love my house phone.", "B. It is an expensive one.","C. It is a Huawei, but I really love iPhone.","D. It is a Canon one."],
    ["A. The TV Show of Jimmy Fallon.","B. He is a horrible singer.","C. Not sure, I prefer sunny days.","D. Avengers Endgame."],
    ["A. This is not real.","B. Please, let me in.", "C. I agree! Let’s take our swimsuits.","D. I don’t want to be here."]
    ],
     "respuestas_correctas":[2,0,2,3,2]
  },
  {
    "parte":4,
    "enunciado_general":"Choose the correct word on the list to complete the text.",
    "titulo":"COUNTING WISELY",
    "texto":"Akbar once put a question to <span class='tx_1'>(16) ___</span> court that left everyone puzzled. Asthey all tried to figure out the answer, Birbal <span class='tx_1'>(17) ___</span> and asked what thematter was. And so they asked <span class='tx_1'>(18) ___</span> the question.‘How <span class='tx_1'>(19) ___</span> crows are there in the city?’Birbal immediately smiled, went up to Akbar and announced that the answer tohis questions was twenty-one thousand five <span class='tx_1'>(20) ___</span> and twenty-three. Whenasked how he knew the answer, Birbal replied, ‘Ask your men to count thenumber of crows. If there are more, then the crows’ relatives from outside thecity <span class='tx_1'>(21) ___</span> visiting them. If there are fewer, then the crows are visiting<span class='tx_1'>(22) ___</span> relatives outside the city.’ Pleased with the answer, Akbar <span class='tx_1'>(23) ___</span>Birbal with a ruby and pearl chain.",
    "preguntas":[
    "16",
    "17",
    "18",
    "19",
    "20",
    "21",
    "22",
    "23"],
    "respuestas":[
    ["a) my","b) hers ","c) his","d. our"],
    ["a) walked","b) walk ","c) walking","d. walken"],
    ["a) him","b) her ","c) me","d. ourselves"],
    ["a) several","b) much ","c) many","d. lot"],
    ["a) millions","b) mile","c) ten","d. hundred"],
    ["a) am","b) will be","c) are","d. is"],
    ["a) mine","b) their ","c) theirs","d. ours"],
    ["a) present","b) presented ","c) presents","d. presenting"]
    ],
    "respuestas_correctas":[2,0,0,2,3,2,1,1]

  },
  {
    "parte":5,
    "enunciado_general":"Read the article and then answer the questions.",
    "titulo":"THE BEETLES",
    "texto":"Most horned varieties of beetles belong to Lamellicornia, a large group of beetles that includestwo families: the scarabs—or chafers—and the stag beetles. Though most are hornless, somescarab species develop horns that are hollow skeletal outgrowths of either the head or thoraxand so are analogous to the body outgrowths that give rise to horns in mammals and reptiles.The stag beetle family is much smaller in number of species but includes proportionately morehorned varieties. Beetle horns do not develop gradually, as in mammals, but are quickly andfully formed during the last molt to the adult stage. The final size of the horns is believed todepend on nutrition, with well-fed larvae giving rise to larger-horned adults. Early naturalists,most of them collectors, often had little time or inclination to observe the behavior of beetles intheir natural habitats. Speculations on the use of horns were therefore based mainly uponexaminations of pinned museum specimens, or, only rarely, on observations of beetles incaptivity. Some early naturalists speculated that horns are sometimes used in defense againstpredators, to dig burrows, or as weapons in fights between males. Darwin thought that hornsmight be ornaments that impress females, while other biologists speculated that horns could beused to lacerate plant stems, permitting the beetles to feed on plant saps. Still anotherviewpoint, one held by Julian Huxley, is that horns serve no function and are merely by productsof increasing body size. When horned beetles are observed more carefully under both naturaland controlled conditions, we should learn how horns are used and why they develop.",
    "preguntas":[
    "24. Another name for the scarabs is:",
    "25. Some scarab species develop:",
    "26. Beetle’s horns are formedduring:",
    "27. Julian Huxley’s viewpoint abouthorns is:",
    "28. The final form and size of thehorns depends on beetles’:",
    "29. Some beetles use their horns forthe following:",
    "30. Darwin thought that horns:"
    ],
   
    "respuestas":[
    ["a) Lamellicornia","b) Chafers","c) Beetles"],
    ["a) Horns","b) Music","c) Language"],
    ["a) Their first year of life","b) The last molt of the adult stage","c) The end of the adult stage"],
    ["a) They have no function","b) They get bigger with time","c) They grow just 1 cm"],
    ["a) Time under the sunlight"," b) Growing"," c) Nutrition"],
    ["a) Digging burrows","b) Defending against predators","c) A and B are possible"],
    ["a) Were ornaments that impressed females","b) Let beetles be protected.","c) Allowed other animals to hunt beetles"]
    ],
    "respuestas_correctas":[1,0,1,0,2,2,0]
  },
  {
    "parte":6,
    "enunciado_general":"Based on the reading, answer the following questions.",
    "titulo":"THE END OF PAUL’S DAY",
    "texto":"Every day after work Paul took his muddy boots off on the steps of the front porch. Alice would have a fit if the boots made it so far as the welcome mat. He then took off his dusty overalls and threw them into a plastic garbage bag; Alice left a new garbage bag tied to the porch railing for him every morning. On his way in the house, he dropped the garbage bag off at the washing machine and went straight up the stairs to the shower as he was instructed. He would eat dinner with her after he was “presentable,” as Alice had often said.",
    "preguntas":[
    "31. The main problem between Alice and Paul is:",
    "32. What does the author suggest when he says: “took off his muddy boots” ",
    "33. What does the author mean with the word “presentable” in the penultimate line.",
    "34. From the reading, we can conclude and infer that:",
    "35. The text is written mainly with the following purpose:"],

    "respuestas":[
    ["a. Paul’s drinking problems","b. Paul’s unemployment","c. Paul’s family","d. Paul’s messiness"],
    ["a. He was going to play with his son","b. He was drinking beer with friends","c. He was tired and took off the boots","d. He had his boots dirty"],
    ["a. Paul was dirty and he had to take a shower","b. Paul had had a bad day","c. Alice and Paul have a bad relationship","d. Paul had a presentation at his office"],
    ["a. Alice and Paul lived together","b. Paul worked in a Gold mine, he is","c. Paul was a relaxed man","d. Alice was so strict with Paul"],
    ["a. Create a real situation","b. Tell a story of a couple","c. Indicate how people can be so bored","d. Tell lies about common life"]
    ],
     "respuestas_correctas":[3,3,0,3,1]
  },
  {
    "parte":7,
    "enunciado_general":"Choose the correct word on the list to complete the text.",
    "titulo":"WHO ARE THE BRITISH?",
    "texto":"British people <span class='tx_1'>(36) ___</span> in the UK. They are people who live in <span class='tx_1'>(37) ___</span>, Scotland, Wales or Northern Ireland. <span class='tx_1'>(38) ___</span> people can also either be English, Scottish, Welsh, or Irish (from Northern Ireland only). The British are said to be reserved <span class='tx_1'>(39) ___</span> manners, dress and speech. They are famous for their politeness, self-discipline and especially for their sense of <span class='tx_1'>(40) ___</span>. British people have <span class='tx_1'>(41) ___</span> strong sense of humour which sometimes can be hard for foreigners to understand. Britain is a <span class='tx_1'>(42) ___</span> of mixed cultures. London <span class='tx_1'>(43) ___</span> the largest non- white population of any European city and over 250 <span class='tx_1'>(44) ___</span> are spoken there. Therefore, not all British <span class='tx_1'>(45) ___</span> are White or Christians.",
    "preguntas":[
    "36",
    "37",
    "38",
    "39",
    "40",
    "41",
    "42",
    "43",
    "44",
    "45"
    ],
    "respuestas":[
    ["a. live","b. lives","c. works","d. study"],
    ["a. USA","b. Switzerland ","c. Italy","d. England"],
    ["a. Colombian","b. Peruvian","c. British","d. American"],
    ["a. into","b. in","c. on","d. at"],
    ["a. humour","b. happiness","c. life","d. ideologies"],
    ["a. an","b. b. a","c. the","d. that"],
    ["a. city","b. town","c. country","d. big city "],
    ["a. is having","b. had","c. have","d. has"],
    ["a. houses","b. languages","c. cities","d. voices"],
    ["a. cops","b. children","c. students","d. people"]
    
    ],
    "respuestas_correctas":[0,3,2,1,0,1,2,3,1,3]
    }
  ]
}

