{
	"array_json_prueba_1":[
		{
			"curso":["6,7"],
			"parte":1,
			"enunciado_general":"¿Dónde puede ver estos avisos? En las preguntas 1-5 marque A, B ò C en su hoja de respuestas.",
			"preguntas":["1.","2.","3.","4.","5."],
			"respuestas":[
				["A. At the bank","B. At the church","C. At the zoo"],
				["A. In a factory","B. In the library","C. At the restaurant"],
				["A. In an office","B. In the cinema","C. In a restaurant"],
				["A. On a road","B. On the street","C. In a garage"],
				["A. In the shopping center","B. In the hospital","C. In the church"]
			],
			"respuestas_correctas":[2,1,2,2,0],
			"imagen":[
				"img/p2_1.png",
				"img/p2_2.png",
				"img/p2_3.png",
				"img/p2_4.png",
				"img/p2_5.png"
			]
		},
		{
			"parte":2,
			"enunciado_general":"¿Cuál palabra (A-H) concuerda con la descripción de cada frase de la izquierda (6-10)? En las preguntas 6-10, marque la respuesta correcta A-H en su hoja de respuestas.",
			"preguntas":["6. Works in a hospital and help doctors.",
				"7. I give you milk. My baby is a calf. I eat grass",
				"8. Fruit that can be red or green. Good for pies.",
				"9. Yellow fruit that monkeys love.",
				"10. Works in a school and teaches students."],
			"respuestas":[
				["A. Book","B. Pear","C. Dog","D. Banana","E. Apple","F. Teacher","G. Nurse","H. Cow"],
				["A. Book","B. Pear","C. Dog","D. Banana","E. Apple","F. Teacher","G. Nurse","H. Cow"],
				["A. Book","B. Pear","C. Dog","D. Banana","E. Apple","F. Teacher","G. Nurse","H. Cow"],
				["A. Book","B. Pear","C. Dog","D. Banana","E. Apple","F. Teacher","G. Nurse","H. Cow"],
				["A. Book","B. Pear","C. Dog","D. Banana","E. Apple","F. Teacher","G. Nurse","H. Cow"]

			],
			"respuestas_correctas":[6,7,4,3,5]
		},
		{
			"parte":3,
			"enunciado_general":"En las preguntas 11-15, marque la respuesta correcta A, B o C en su hoja de respuestas.",
			"preguntas":["11. Where are you from?",
				"12. What's your favorite school",
				"13. What food do you like?",
				"14. When is your birthday?",
				"15. What grade are you in?"
			],
			"respuestas":[
				["A. I am France.","B. I live in Canada","C. I am from Colombia."],
				["A. Italy.","B. Student.","C. Maths."],
				["A. This is a car.","B. Hamburger.","C. A cat."],
				["A. Happy birthday","B. I love you.","C. In October."],
				["A. Red.","B. Student.","C. Sixth."]
			],
			"respuestas_correctas":[2,2,1,2,2]
		},
		 {
		    "parte":4,
		    "enunciado_general":"En las preguntas 16-23, marque la respuesta correcta A, B o C en su hoja de respuestas.",
		    "titulo":"Artículo",
		    "texto":"This is Melanie. She is eleven years old. She <span class='tx_1'>(16)_____</span class='tx_1'> in Bogotá with her family. Melanie is a (17)_____ in the 7th grade. She walks to school because (18)_____ is near her house. Melanie (19)_____ many hobbies. She (20)_____ listening to music and painting. She likes jogging and cycling, (21)_____. Her favorite (22)_____ is dancing. She practices very hard every day. She wants to be (23)_____ professional dancer. She dreams of being a famous dancer.",
		    "preguntas":[
		    "16.",
		    "17.",
		    "18.",
		    "19.",
		    "20.",
		    "21.",
		    "22.",
		    "23."],
		    "respuestas":[
		    ["a) lives","b) eats ","c) sings"],
		    ["a) student","b) son ","c) cat "],
		    ["a) we ","b) it ","c) he "],
		    ["a) have ","b) has ","c) are "],
		    ["a) enjoys","b) plays","c) eats "],
		    ["a) two ","b) to ","c) too "],
		    ["a) activity ","b) address ","c) food "],
		    ["a) a ","b) or ","c) an"]
		    ],
		    "respuestas_correctas":[0,0,1,1,0,2,0,0]
		  },
		  {
		    "parte":5,
		    "enunciado_general":"En las preguntas 24-30, marque la respuesta correcta A, B o C en su hoja de respuestas.",
		    "titulo":"Artículo",
		    "texto":"My name’s Helen. I’m fourteen years old. I’m from Belfast. It’s the capital of Northern Ireland. My father’s from Dublin. My mother’s from New York. Daisy is my sister. She’s twenty. She’s a singer in a pop band. David’s my brother. He’s six. We all live in London, the capital of the UK. I’m in Year 9 at St. Mary’s School. It is a big school. There are many teachers and they are great. My favorite school subject is Physical Education. I’m not very good at Math. It’s difficult! I am good at sport and I love skating. I want to be a famous skater and I practice for three hours every day. My favorite color is yellow. My rucksack and my pencil case are yellow! They’re really cool!",
		    "preguntas":[
		    "24.What is her name?",
		    "25. Where does she live?",
		    "26. How old is she?",
		    "27. What grade is she in?",
		    "28. What is her favorite school subject?",
		    "29. What sport does she love?",
		    "30. How old is her sister?"
		    ],
		    "respuestas":[
		    ["a) My name is Mary.","b) My name is Daisy. ","c) My name is Helen"],
		    ["a) London.","b) New York. ","c) Belfast. "],
		    ["a) 12 ","b) she is 14 years old. ","c) she is 9 years old. "],
		    ["a) she is in eighth grade. ","b) She is in ninth grade ","c) She is in sixth grade. "],
		    ["a) Math.","b) Physical Education.","c) English. "],
		    ["a) Skating. ","b) Soccer. ","c) Basketball. "],
		    ["a) 22. ","b) 14. ","c) 20. "]
		    ],
		    "respuestas_correctas":[2,0,1,1,1,0,2]
		  },
		  {
		    "parte":6,
		    "enunciado_general":"En las preguntas 31-35, marque la respuesta correcta A, B ,C o D en su hoja de respuestas.",
		    "titulo":"Artículo",
		    "texto":"Hello, my name is Lucas. My last name is Carter. I am nine years old. I am from Texas and I am American. I am a student. My mother is from Ohio. She is American, too. She is a doctor. My father is French. He is from Paris. He is an engineer, he works in a company. My address is Fifth Avenue and my cell phone is 3214951321. I have one sister. Her name is Anna. She is eight years old. I have a brother, too. His name is Adam. He is fifteen years old. We have a dog. It is brown. Its name is Crash.",
		    "preguntas":[
		    "31. How old is Lucas?",
		    "32. Where is Lucas from?",
		    "33. What does his mother do?",
		    "34. Where does his father work?",
		    "35. Which is the best tittle for the text?"
		    ],
		    "respuestas":[
		    ["a) He is eight years old.","b) He is seven years old. ","c) He is ten years old.","d) He is nine years old."],
		    ["a) He is from Ohio.","b) He is from Paris. ","c) He is from Bogotá.","d) He is from Texas."],
		    ["a) She is a nurse.","b) She is a doctor. ","c) She is an engineer.","d) She is a cook."],
		    ["a) In a bank.","b) In a hospital. ","c) In a School.","d) In a company."],
		    ["a) Meet Lucas.","b) Lucas favorite sport. ","c) Lucas and his friends. ","d) Lucas and his family. "]
		    ],
		    "respuestas_correctas":[3,3,1,3,3]
		  },
		  {
		    "parte":7,
		    "enunciado_general":"En las preguntas 36-45, marque la respuesta correcta A, B ,C o D en su hoja de respuestas.",
		    "titulo":"Artículo",
		    "texto":"This (0) _________ Susy Sullivan! She is thirteen (36) _________ old and she is in the 8th (37) _________! She (38) _________ at St. Paul`s School in Leeds but she isn ́t an excellent student. Right now, she is at home. Her boyfriend is Nick and Pam is her best friend. Pam has just arrived and she is talking to Susy: Pam: Hi Susy! (39) _________ are you? Susy: I ́m fine, and you? Pam: Fine too! What are you doing? Susy: I ́m (40) _________ TV! I love The Simpsons! Pam: And your mother, what is she (41) _________? Susy: I don ́t know, but I think she is cooking! Pam: Is your father at home? Susy: Yes, he is! He is (42) _________ a shower! Pam: What about Nick? Is he out (43) _________ her bike? Susy: No, he isn ́t. He is studying English! Pam: I have a new DVD! It ́s Shrek 2! Do you want to watch it later? Susy: OK! And then we could (44) _________ the new Britney Spears CD. Pam: (45) _________ great!",
		    "preguntas":[
		    "36.",
		    "37.",
		    "38.",
		    "39.",
		    "40.",
		    "41.",
		    "42.",
		    "43.",
		    "44.",
		    "45."
		    ],
		    "respuestas":[
		    ["a) from","b) beautiful ","c) english","d) years"],
		    ["a) date","b) grade ","c) old","d) have"],
		    ["a) washes","b) has ","c) studies","d) writes"],
		    ["a) who","b) the ","c) how","d) what"],
		    ["a) watching","b) cooking ","c) writing","d) eating"],
		    ["a) does","b) doing ","c) do","d) like"],
		    ["a) do","b) sleeping ","c) doing","d) taking"],
		    ["a) riding","b) playing ","c) writing","d) reading"],
		    ["a) walk","b) cook ","c) fix","d) listen to"],
		    ["a) happy","b) sounds ","c) from","d) on"]
		    ],
		    "respuestas_correctas":[3,1,2,2,0,1,3,0,3,1]
		  }
	]
}