{
	"array_json_prueba_1":[
		{	
			"curso":["11"],
			"parte":1,
			"enunciado_general":"¿Dónde puede ver estos avisos? En las preguntas 1-5 marque A, B ò C en su hoja de respuestas.",
			"preguntas":["1.","2.","3.","4.","5."],
			"respuestas":[
				["A. In an airport","B. In a library","C. In a gas station"],
				["A. On a bike","B. In a laundry room","C. On a road"],
				["A. In a circus","B. In a park","C. In an office building"],
				["A. In a museum","B. On a bookcase","C. On a test"],
				["A. On a board","B. On a bookcase","C. On a computer"]
			],
			"respuestas_correctas":[0,2,2,2,1],
			"imagen":[
    		"https://www.pruebastipoicfes.com/img/11pr_3_1.png",
    		"https://www.pruebastipoicfes.com/img/11pr_3_2.png",
    		"https://www.pruebastipoicfes.com/img/11pr_3_3.png",
    		"https://www.pruebastipoicfes.com/img/11pr_3_4.png",
			"https://www.pruebastipoicfes.com/img/11pr_3_5.png"
			]
		},
		{
			"parte":2,
			"enunciado_general":"¿Cuál palabra (A-H) concuerda con la descripción de la frase de la izquierda (6-10)? En las preguntas 6-10 marque A a H.",
			"preguntas":["6. You have one in the bathroom to see yourself.",
				"7. Hair that some men have over their lip.",
				"8. Tool you use to hit a nail.",
				"9. Place you go if you need surgery.",
				"10. To put your arms around someone."],
			"respuestas":[
				["A. HAMMER","B. HUG","C. SNAKE","D. MOUSTACHE","E. KNEE","F. BOOK","G. MIRROR", "H. HOSPITAL"],
				["A. HAMMER","B. HUG","C. SNAKE","D. MOUSTACHE","E. KNEE","F. BOOK","G. MIRROR", "H. HOSPITAL"],
				["A. HAMMER","B. HUG","C. SNAKE","D. MOUSTACHE","E. KNEE","F. BOOK","G. MIRROR", "H. HOSPITAL"],
				["A. HAMMER","B. HUG","C. SNAKE","D. MOUSTACHE","E. KNEE","F. BOOK","G. MIRROR", "H. HOSPITAL"],
				["A. HAMMER","B. HUG","C. SNAKE","D. MOUSTACHE","E. KNEE","F. BOOK","G. MIRROR", "H. HOSPITAL"]
			],
			"respuestas_correctas":[6,3,0,7,1]
		},
		{
			"parte":3,
			"enunciado_general":"Completa las conversaciones. En las preguntas 11 a 15, marque A, B ò C en su hoja de respuestas.",
			"preguntas":["11. I’d like a cold mango juice, please.",
				"12. Shall we go now?",
				"13. What do you think about this new art?",
				"14. Are you sure the movie starts at two?",
				"15. I think I am getting sick."
			],
			"respuestas":[
				["A. Do you like it?","B. I hope so","C. Certainly"],
				["A. Good idea", "B. This is cool","C. It’s great"],
				["A. I’d seen it","B. I must like to ","C. I love it"],
				["A. It’s ok","B. I think so","C. It started well"],
				["A. I want to","B. I could too","C. I am sorry"]
			],
			"respuestas_correctas":[2,0,2,1,2]
		},
		 {
		    "parte":4,
		    "enunciado_general":"Lee el texto de la siguiente parte. Escoja la palabra (A, B, o C) para cada espacio. En las preguntas 16-23 marque A, B ò C en su hoja de respuestas.",
		    "titulo":"Artículo",
		    "texto":"Last year, losses from shops due to shoplifting and theft by staff amounted to over $ 1 billion. There aremany <span class='tx_1'>(16)____</span> for shopkeepers themselves to reduce shoplifting. As with all types of crime, prevention isbetter than a cure. The best prevention is the <span class='tx_1'>(17)____</span> of staff properly trained in how to identify potentialshoplifters. There are also many security <span class='tx_1'>(18)____</span> now available. Video camera supervision is a popularsystem, even with quite small retailers. In clothes shops, magnetic tag marking systems that set off an alarmhave proved their worth. However, there are many simpler measures that retailers should consider. Betterlighting and ceiling-hung mirrors can help staff to <span class='tx_1'>(19)____</span> all parts of the display area. Similarly, simplyarranging shelves and display units to allow clear fields of vision is a good prevention.Another problem for retailers is the <span class='tx_1'>(20)____</span> of stolen credit cards to buy goods and services. Manyretailers avoid this by always checking the validity of a card used for purchase. Electronic systems are nowavailable to <span class='tx_1'>(21)____</span> up the procedure.Most companies keep a pretty cash box for small expenses. They are a popular <span class='tx_1'>(22)____</span> for thieves. It isnot enough to have a box that locks. A thief can steal it and then open it at leisure. Lock it in a drawer aswell. Telephones, typewriters, word processors and computers are also vulnerable because they are<span class='tx_1'>(23)____</span>. Property marking is a good prevention and helps the police return stolen goods if they aretraced. And remember, business information is valuable to competitors and should be protected.",
		    "preguntas":[
		    "16.",
		    "17.",
		    "18.",
		    "19.",
		    "20.",
		    "21.",
		    "22.",
		    "23."],
		    "respuestas":[
		    ["A) opportunities","B) schemes","C) occasions"],
		    ["A) importance","B) presence","C) knowledge"],
		    ["A) books","B) tricks ","C) devices"],
		    ["A) go","B) hear","C) watch"],
		    ["A) application ","B) use ","C) employment"],
		    ["A) speed ","B) take ","C) key"],
		    ["A) target ","B) item ","C) robbery"],
		    ["A) attractive","B) amazing","C) portable"]
		    ],
		    "respuestas_correctas":[0,1,2,2,1,0,0,2]
		  },
		  {
		    "parte":5,
		    "enunciado_general":"Lee el artículo y luego responda a las preguntas. En las preguntas 24 a 30 marque A, B ò C en su hoja de respuestas.",
		    "titulo":"Artículo",
		    "texto":"It´s five minutes before the exam and you are in a state of panic. You just have to pass it, but how? You didn´t even open the book the night before and you hear a voice in your head saying “Cheat, cheat…” so what are you going to do, ignore it and fail or go for it? It´s a tough decision many students must make.Most young people believe that cheating is wrong. However, they have cheated at least once in their high school years. So, why do they do it? Are they too lazy to study? Perhaps, it´s not as simple as that. <br> According to some experts, one main reason why students cheat is because they see their friends get away with it. It´s an easy way out. They avoid embarrassment and their parent´s anger for not doing well on an exam. Research, which was recently carried out in the U.S.A, also shows that students think it´s OK to cheat if the subject isn´t important for their career or if they just don´t understand it. What´s more, most students have to put up with the pressure of getting into college. They need to get good grades to carry on with their studies. This means that they will always be students who will do anything for a better grade.<br>It has never been easier to cheat than it is today. With all the technology available, students don´t need to cheat by looking over their shoulders anymore. They use cell phones to send answers to each other during a test. There is also the internet. With hundreds of websites, students don´t have to worry because they can find lots of material which they can copy and use in projects. There are even tips on the art of cheating on exams.<br>Obviously, if you get caught cheating, you fail the exam or the subject. But it doesn´t really matter whether you get caught or not. What´s important is that it´s wrong. You mustn´t cheat because cheating is a lie. It deceives people into thinking you know more than you actually do. How can you be proud of something you´ve achieved through cheating? In the end, it´s not about deceiving your teachers and your parents, but about  fooling yourself that you can do something you really can´t.",
		    "preguntas":[
		    "24. What´s the tough decision that many students have to make before an exam?",
		    "25. According to research, what are students´ opinions about cheating?",
		    "26. When do some students think it is not that bad to cheat?",
		    "27. Which of the following isn´t true",
		    "28. We can infer that ",
		    "29. What can students who want to cheat find on the internet?",
		    "30. What´s the worst thing about cheating?"
		    ],
		    "respuestas":[
		    ["a. how to cheat","b. whether to cheat or not","c. what to do if they fail"],
		    ["a. cheating is easy, but a little embarrassing","b. cheating is always the right thing to do","c. cheating isn´t wrong in some cases"],
		    ["a. when something is difficult to understand","b. when it´s about some important subjects","c. when they go to college"],
		    ["a. students want to get good grades","b. students have the pressure of getting into college","c. students will rarely cheat to pass a subject"],
		    ["a. students prefer to look over their shoulders to cheat","b. cheating is available with all forms of technology","c. it was more difficult to cheat in the past than now"],
		    ["a. useful information which can help them","b. suggested answers to tests","c. other students’ projects about cheating"],
		    ["a. you can get caught and fail","b. you cheat others and yourself","c. your teacher will inform your parents"]
		    ],
		    "respuestas_correctas":[1,2,0,2,1,0,1]
		  },
		  {
		    "parte":6,
		    "enunciado_general":"Lee el siguiente texto. En las preguntas 31 a 35, marque A, B, C ò D en su hoja de respuestas.",
		    "titulo":"Artículo",
		    "texto":"Small talk may not be about serous issues; nevertheless into the subject have concluded that it´s important. That´s because small talk keeps us connected to one another and can lead to bigger things, such as a job or a new friendship.<br> Yet people who find themselves alone with another person often don´t know what to say. Here are a few tips to help you start a conversation, and to keep the conversational ball rolling: Contacto para solicitud de Pruebas Saber o material bilingüe : hispanaeditoracotizaciones @gmail.com 6 PRUEBA:8.9. <br>Start with the obvious. If you have something in common with another person (your job, hobbies, a person you both know, etc.), begin with that. If you don´t know the person, it´s always acceptable to bring up a neutral topic such as the weather or a recent news event. It isn´t necessary to be clear – all that´s required is to show interest in the other person and to be willing to talk.<br> Compliment where appropriate. If the other person has done something you like or is wearing something attractive, it´s always appropriate to compliment. But avoid talking about the specifics of a person´s physical appearance (people can´t usually change how they look) and keep your compliments short and to the point (“What a great tie” or “You´re great tonight”) and continue with another topic. Talk about yourself – then return to your partner. <br>It´s perfectly OK to talk about your own interest for a while, but keep your conversation from becoming a monolog. It´s only polite, for example, that after talking about your children, you turn the conversation back to your partner by asking about his or her children.",
		    "preguntas":[
		    "31. According to the article, the main function of small talk is to _____ ",
		    "32. “Start with the obvious” means that you should talk about things that you _____",
		    "33. You need to be careful when complimenting someone because most people _____",
		    "34. You should avoid monologues because other people _____",
		    "35. The expression “keep your compliments short and to the point” means _____"
		    ],
		    "respuestas":[
		    ["A) show our own importance","B) get valuable information","C) relate to other people","D) talk about major issues"],
		    ["A) Have in common","B) enjoy doing","C) want to understand","D) know everything about"],
		    ["A) don´t like compliments","B) can´t change how they look","C) don´t dress very well","D) haven´t done anything interesting"],
		    ["A) have no interest in what you say","B) already know a lot about you","C) like to talk about themselves, too","D) prefer to discuss neutral subjects"],
		    ["A) you should extend your comments","B) you should make as many comments as possible","C) you should make good comments only to short people","D) your comments should be clear and short"]
		    ],
		    "respuestas_correctas":[2,0,1,2,3]
		  },
		  {
		    "parte":7,
		    "enunciado_general":"Responde las preguntas 36 a 45 de acuerdo con el siguiente texto.",
		    "titulo":"NEW YORK",
		    "texto":"The official name of America is the United States of America. The country is <span class='tx_1'>(36)___</span>  of fifty states. New York is in the state of New York. New York is the <span class='tx_1'>(37)___</span>  city in the United States with a population of over 8 million. New York is situated on the Hudson River which flows into the Atlantic Ocean. New York is always alive – a “city that never sleeps”. Another name <span class='tx_1'>(38)___</span>  New York is the Big Apple.New York is made up of five districts, called boroughs.Manhattan is the central part of New York. It is the smallest district with an area of only 60 square kilometers. All of the city’s major banks and the stock exchanges can be found here. It is the seat of the city’s government and the home of cultural institutions.  Brooklyn is a major seaport and the center of industry. It has the most residents of all boroughs and is<span class='tx_1'>(39)___</span>   as the district of churches and homes. Queens is the largest of New York’s boroughs. It consists of rows of single-family houses and is often referred to as the city’s biggest suburb. The Bronx, a residential district with many apartment buildings, is the only borough situated on the mainland. For <span class='tx_1'>(40)___</span>  years Staten Island could only be reached by ferry. Today, the borough is connected with Brooklyn through the Verrazano – Narrows Bridge. The opening of this bridge<span class='tx_1'>(41)___</span>   1964 led many New Yorkers to move to Staten Island.Tourists can do some sightseeing in New York. For over a hundred years the Statue of Liberty has been a symbol of the United States. It stands on Liberty Island and <span class='tx_1'>(42)___</span>  a gift that France gave to the USA in 1886 as a symbol of friendship<span class='tx_1'>(43)___</span>   the two countries.The Empire State Building is one of the best known buildings in the world. It is located in the middle of Manhattan. Central Park is the largest and most important public park in Manhattan. The park includes lakes, ice rinks, fountains, playgrounds, bicycle paths and other facilities. They <span class='tx_1'>(44)___</span>  also visit such places of interest as the Ambassador Theater, the Guggenheim Museum, the Rockefeller Center and so on. In general, many people <span class='tx_1'>(45)___</span>   New York wonderful and exciting.",
		    "preguntas":[
		    "36.",
		    "37.",
		    "38.",
		    "39.",
		    "40.",
		    "41.",
		    "42.",
		    "43.",
		    "44.",
		    "45."
		    ],
		    "respuestas":[
		    ["(a) known","(b) spoken","(c) called","(d) composed"],
		    ["(a) more big","(b) biggest","(c) big","(d) bigger"],
		    ["(a) to","(b) a","(c) for","(d) over"],
		    ["(a) called","(b) spelled","(c) enjoyed","(d) known"],
		    ["(a) many","(b) some","(c) not","(d) at"],
		    ["(a) within","(b) on","(c) at","(d) in"],
		    ["(a) is","(b) was","(c) were","(d) are"],
		    ["(a) among","(b) because","(c) between","(d) on"],
		    ["(a) can","(b) are","(c) must ","(d) has"],
		    ["(a) visit","(b) thinks","(c) cause","(d) find"]
		    ],
		    "respuestas_correctas":[3,1,2,3,0,3,1,2,0,3]
		  }
	]
}