{
	"array_json_prueba_1":[
		{
			"parte":1,
			"enunciado_general":"¿Dónde puede ver estos avisos? En las preguntas 1-5 marque A, B ò C en su hoja de respuestas.",
			"preguntas":["1.","2.","3.","4.","5."],
			"respuestas":[
				["A. In a zoo","B. In a hotel","C. In a supermarket"],
				["A. In a restaurant","B. In a kitchen","C. In a Reading room"],
				["A. In a web page","B. In a telephone box","C. In a shopping center"],
				["A. In a forest","B. In a garden","C. In a museum"],
				["A. In a theater's office","B. In a bookstore","C. In a classroom"]
			],
			"respuestas_correctas":[2,2,0,1,0],
			"imagen":[
				"img/p3_1.png",
				"img/p3_2.png",
				"img/p3_3.png",
				"img/p3_4.png",
				"img/p3_5.png"
			]
		},
		{
			"parte":2,
			"enunciado_general":"¿Cuál palabra (A-H) concuerda con la descripción de la frase de la izquierda (6-10)? En las preguntas 6-10 marque A a H.",
			"preguntas":["6. A man whose job is to keep orders and see that people do not break the law.",
				"7. Someone whose job is to make sick people to get well again.",
				"8. Someone whose job is to stop bad fire",
				"9. Person in the army who wears a uniform and has a gun.",
				"10. Person who reports news on TV, radio or newspaper."],
			"respuestas":[
				["A. Scientist","B. Hairdresser","C. Butcher","D. Policeman","E. Journalist","F. Doctor","G. Fireman", "H. Soldier"],
				["A. Scientist","B. Hairdresser","C. Butcher","D. Policeman","E. Journalist","F. Doctor","G. Fireman", "H. Soldier"],
				["A. Scientist","B. Hairdresser","C. Butcher","D. Policeman","E. Journalist","F. Doctor","G. Fireman", "H. Soldier"],
				["A. Scientist","B. Hairdresser","C. Butcher","D. Policeman","E. Journalist","F. Doctor","G. Fireman", "H. Soldier"],
				["A. Scientist","B. Hairdresser","C. Butcher","D. Policeman","E. Journalist","F. Doctor","G. Fireman", "H. Soldier"]
			],
			"respuestas_correctas":[3,5,6,7,4]
		},
		{
			"parte":3,
			"enunciado_general":"Completa las conversaciones. En las preguntas 11 a 15, marque A, B ò C en su hoja de respuestas.",
			"preguntas":["11. Why don't we go to the stadium?",
				"12. The air is so fresh here!",
				"13. Why don't we eat out?",
				"14. I feel sad today.",
				"15. How would you like to pay?"
			],
			"respuestas":[
				["A. Nice to meet you.","B. It doesn't matter.","C. Sounds great."],
				["A. Thank you", "B. Of course","C. I am sorry"],
				["A. I ate yesterday.","B. Because we don't have food.","C. Because it is expensive."],
				["A. Why not?","B. Yes! Of course.","C. What's wrong?"],
				["A. Thanks.","B. Cash.","C. Here you are"]
			],
			"respuestas_correctas":[2,1,2,2,1]
		},
		 {
		    "parte":4,
		    "enunciado_general":"Lee el texto de la siguiente parte. Escoja la palabra (A, B, o C) para cada espacio. En las preguntas 16-35 marque A, B ò C en su hoja de respuestas.",
		    "titulo":"Artículo",
		    "texto":"Hi! My name's Pedro. I'm 16)___________ Spain but I 17)___________ in France. France is 18)___________Europe. I'm a student. I'm in tenth grade. I 19)___________ two sisters. 20)___________are 10 and 12 years old. 21)___________ names are Susan and Liza. My mum and dad are teachers. We are a happy 22)_______. Every morning I 23)___________ at 7 o'clock. 24)___________ ,I wash my face. Then I 25)______ breakfast and brush my teeth. 26)_______ ,I get dressed and comb 27)-________ hair. 28)________,I go to school. I have lunch 29)_________ 12:30. I usually 30)___________ rice and chicken. I go home at 3 o'clock. After school, I like 31)__________ TV but my sister ,Liza, 32)___________. In the evenings I have dinner 33)___________ my family. My mum and I do my homework together. 34)___________ have a great time. I go to bed at 9 o'clock. But at the 35)___________ I sleep at 10 o'clock.",
		    "preguntas":[
		    "16.",
		    "17.",
		    "18.",
		    "19.",
		    "20.",
		    "21.",
		    "22.",
		    "23.",
		    "24.",
		    "25.",
		    "26.",
		    "27.",
		    "28.",
		    "29.",
		    "30.",
		    "31.",
		    "32.",
		    "33.",
		    "34.",
		    "35."],
		    "respuestas":[
		    ["A) at.","B) from.","C) in."],
		    ["A) live","B) lives","C) living"],
		    ["A) on","B) in ","C) under"],
		    ["A) has","B) is","C) have"],
		    ["A) We ","B) they ","C) her"],
		    ["A) their ","B) they ","C) my"],
		    ["A) pupıl ","B) family ","C) teacher"],
		    ["A) getting up ","B) get up ","C) gets up "],
		    ["A) but ","B) finally ","C) first"],
		    ["A) have ","B) drink ","C) get"],
		    ["A) before ","B) or ","C) next"],
		    ["A) our ","B) his ","C) my"],
		    ["A) finally ","B) first ","C) but"],
		    ["A) in ","B) on ","C) at"],
		    ["A) eat ","B) eating ","C) eats"],
		    ["A) watching ","B) watches ","C) watch"],
		    ["A) don't ","B) doesn't ","C) isn't"],
		    ["A) with ","B) for ","C) to"],
		    ["A) our ","B) they ","C) we"],
		    ["A) day ","B) weekend ","C) month"]
		    ],
		    "respuestas_correctas":[1,0,1,2,1,0,1,1,2,0,2,2,0,2,0,0,1,0,2,1]
		  },
		  {
		    "parte":5,
		    "enunciado_general":"Lee el artículo y luego responda a las preguntas. En las preguntas 36 a 41 marque A, B ò C en su hoja de respuestas.",
		    "titulo":"Artículo",
		    "texto":"Becky was visiting Aunt Agatha at her house at the beach. It was a beautiful summer day. Becky had built a giant sand castle that morning. Aunt Agatha took pictures of the castle to send to Becky’s parents. It was a great big sand castle. Later that morning, Becky and Aunt Agatha went swimming in the ocean. It was fun to jump with the waves. Then, they went in the house and ate sandwiches and strawberries for lunch. Becky wanted to play on the beach that afternoon. Aunt Agatha told her it was too hot to go outside without a hat on. Becky didn’t have a hat. Aunt Agatha told her not to worry, she could wear one of hers. Becky tried on four hats. The pink one was really pretty, but it had a big bow in the back that was too long for Becky. The green hat was too fancy for Becky. She did not like that hat at all. The blue hat was nice, but it had an ugly bird on it. Then, Becky saw a big brown hat with a yellow ribbon on it. That hat was made of straw. It was a perfect hat for the beach. It was too big for Becky’s head but she didn’t care. It was a great hat.",
		    "preguntas":[
		    "36. Where was Becky?",
		    "37. Why didn't Becky like the blue hat?",
		    "38. Why didn't Becky want to wear the pink hat?",
		    "39. Why did Aunt Agatha want Becky to wear a hat?",
		    "40. Why did Becky like the brown hat?",
		    "41. Who was Becky visiting?"
		    ],
		    "respuestas":[
		    ["A. at the store","B. at the beach","C. at school","d. at home"],
		    ["a. it was too fancy","b. it was new","c. it had an ugly bird on it","d. it was old"],
		    ["a. the bow was too long","b. it had a flower","c. it had a bird on it","d. it was dirty"],
		    ["a. it was raining","b. it was too hot","c. it was cold","d. it was snowing"],
		    ["a. it was ugly","b. it was perfect","c. it was too big","d. it was cold"],
		    ["a. her Grandparents","b. her friends","c. her sister","d. her Aunt Agatha"]
		    ],
		    "respuestas_correctas":[1,2,0,1,1,3]
		  },
		  {
		    "parte":6,
		    "enunciado_general":"Lee el siguiente texto. En las preguntas 42 a 47, marque A, B, C ò D en su hoja de respuestas.",
		    "titulo":"Artículo",
		    "texto":"fdfdfdfsdfsdf",
		    "preguntas":[
		    "42. Meg went shopping ....",
		    "43. 2. She went into a .... shop.",
		    "44. 3. Meg's sister wears size....",
		    "45. 4. Meg is looking for a .... for herself",
		    "46. Anne.... Meg's choice.",
		    "47. Meg pays....than £15."
		    ],
		    "respuestas":[
		    ["A) alone","B)with granny","C) with a friend"],
		    ["A) clothes","B) shoe","C) sports"],
		    ["A) small","B) medium","C) large"],
		    ["A) skirt","B) shirt","C) T-shirt"],
		    ["A) hates","B) doesn't like","C) likes"],
		    ["A) less","B) more","C) much more"]
		    ],
		    "respuestas_correctas":[2,0,1,2,2,0]
		  },
		  {
		    "parte":7,
		    "enunciado_general":"Responde las preguntas 48 a 64 de acuerdo con el siguiente texto.",
		    "titulo":"Types of friends",
		    "texto":"gasdsadadsa",
		    "preguntas":[
		    "48.",
		    "49.",
		    "50.",
		    "51.",
		    "52.",
		    "53.",
		    "54.",
		    "55.",
		    "56.",
		    "57.",
		    "58.",
		    "59.",
		    "60.",
		    "61.",
		    "62.",
		    "63.",
		    "64.",
		    "65."
		    ],
		    "respuestas":[
		    ["(a) personal","(b) personally","(c) personalities","(d) persons"],
		    ["(a) for this reason","(b) in addition","(c) however","(d) also"],
		    ["(a) bond","(b) bonds","(c) bonding","(d) to bond"],
		    ["(a) meet","(b) to meet","(c) meeting","(d) met"],
		    ["(a) to be","(b) being","(c) Been","(d) be"],
		    ["(a) where","(b) whose","(c) Which","(d) who"],
		    ["(a) that","(b) which","(c) When","(d) where"],
		    ["(a) helpful","(b) help","(c) helpless","(d) helpfully"],
		    ["(a) improvingly","(b) improves","(c) improving","(d) improve"],
		    ["(a) to be","(b) been","(c) Be","(d) being"],
		    ["(a) however","(b) also","(c) because","(d) to"],
		    ["(a) in","(b) since","(c) up to","(d) until"],
		    ["(a) lately","(b) just","(c) already","(d) since"],
		    ["(a) also","(b) however","(c) consequently","(d) as a result"],
		    ["(a) made","(b) to make","(c) making","(d) make"],
		    ["(a) been","(b) being","(c) Be","(d) to be"],
		    ["(a) which","(b) when","(c) Who","(d) where"],
		    ["(a) making","(b) make","(c) Made","(d) to make"]
		    ],
		    "respuestas_correctas":[2,0,3,1,0,3,2,0,3,1,2,1,2,0,1,3,1,0]
		  }
	]
}