{
	"array_json_prueba_1":[
		{	
			"curso":["11"],
			"parte":1,
			"enunciado_general":"¿Dónde puede ver estos avisos? En las preguntas 1-5 marque A, B ò C en su hoja de respuestas.",
			"preguntas":["1.","2.","3.","4.","5."],
			"respuestas":[
				["A. In a zoo","B. In a hotel","C. In a supermarket"],
				["A. In a restaurant","B. In a kitchen","C. In a Reading room"],
				["A. In a web page","B. In a telephone box","C. In a shopping center"],
				["A. In a forest","B. In a garden","C. In a museum"],
				["A. In a theater's office","B. In a bookstore","C. In a classroom"]
			],
			"respuestas_correctas":[2,2,0,1,0],
			"imagen":[
				"img/p3_1.png",
				"img/p3_2.png",
				"img/p3_3.png",
				"img/p3_4.png",
				"img/p3_5.png"
			]
		},
		{
			"parte":2,
			"enunciado_general":"¿Cuál palabra (A-H) concuerda con la descripción de la frase de la izquierda (6-10)? En las preguntas 6-10 marque A a H.",
			"preguntas":["6. A man whose job is to keep orders and see that people do not break the law.",
				"7. Someone whose job is to make sick people to get well again.",
				"8. Someone whose job is to stop bad fire",
				"9. Person in the army who wears a uniform and has a gun.",
				"10. Person who reports news on TV, radio or newspaper."],
			"respuestas":[
				["A. Scientist","B. Hairdresser","C. Butcher","D. Policeman","E. Journalist","F. Doctor","G. Fireman", "H. Soldier"],
				["A. Scientist","B. Hairdresser","C. Butcher","D. Policeman","E. Journalist","F. Doctor","G. Fireman", "H. Soldier"],
				["A. Scientist","B. Hairdresser","C. Butcher","D. Policeman","E. Journalist","F. Doctor","G. Fireman", "H. Soldier"],
				["A. Scientist","B. Hairdresser","C. Butcher","D. Policeman","E. Journalist","F. Doctor","G. Fireman", "H. Soldier"],
				["A. Scientist","B. Hairdresser","C. Butcher","D. Policeman","E. Journalist","F. Doctor","G. Fireman", "H. Soldier"]
			],
			"respuestas_correctas":[3,5,6,7,4]
		},
		{
			"parte":3,
			"enunciado_general":"Completa las conversaciones. En las preguntas 11 a 15, marque A, B ò C en su hoja de respuestas.",
			"preguntas":["11. Why don't we go to the stadium?",
				"12. The air is so fresh here!",
				"13. Why don't we eat out?",
				"14. I feel sad today.",
				"15. How would you like to pay?"
			],
			"respuestas":[
				["A. Nice to meet you.","B. It doesn't matter.","C. Sounds great."],
				["A. Thank you", "B. Of course","C. I am sorry"],
				["A. I ate yesterday.","B. Because we don't have food.","C. Because it is expensive."],
				["A. Why not?","B. Yes! Of course.","C. What's wrong?"],
				["A. Thanks.","B. Cash.","C. Here you are"]
			],
			"respuestas_correctas":[2,1,2,2,1]
		},
		 {
		    "parte":4,
		    "enunciado_general":"Lee el texto de la siguiente parte. Escoja la palabra (A, B, o C) para cada espacio. En las preguntas 16-35 marque A, B ò C en su hoja de respuestas.",
		    "titulo":"Artículo",
		    "texto":"Hi! My name's Pedro. I'm <span class='tx_1'>16)___________</span> Spain but I <span class='tx_1'>17)___________</span> in France. France is <span class='tx_1'>18)___________</span>Europe. I'm a student. I'm in tenth grade. I <span class='tx_1'>19)___________</span> two sisters. <span class='tx_1'>20)___________</span>are 10 and 12 years old. <span class='tx_1'>21)___________</span> names are Susan and Liza. My mum and dad are teachers. We are a happy <span class='tx_1'>22)_______</span>. Every morning I <span class='tx_1'>23)___________</span> at 7 o'clock. <span class='tx_1'>24)___________ </span>,I wash my face. Then I <span class='tx_1'>25)______</span> breakfast and brush my teeth. <span class='tx_1'>26)_______</span> ,I get dressed and comb <span class='tx_1'>27)-________</span> hair. <span class='tx_1'>28)________</span>,I go to school. I have lunch <span class='tx_1'>29)_________</span> 12:30. I usually <span class='tx_1'>30)___________</span> rice and chicken. I go home at 3 o'clock. After school, I like <span class='tx_1'>31)__________</span> TV but my sister ,Liza, <span class='tx_1'>32)___________</span>. In the evenings I have dinner <span class='tx_1'>33)___________</span> my family. My mum and I do my homework together. <span class='tx_1'>34)___________ </span>have a great time. I go to bed at 9 o'clock. But at the <span class='tx_1'>35)___________</span> I sleep at 10 o'clock.",
		    "preguntas":[
		    "16.",
		    "17.",
		    "18.",
		    "19.",
		    "20.",
		    "21.",
		    "22.",
		    "23.",
		    "24.",
		    "25.",
		    "26.",
		    "27.",
		    "28.",
		    "29.",
		    "30.",
		    "31.",
		    "32.",
		    "33.",
		    "34.",
		    "35."],
		    "respuestas":[
		    ["A) at.","B) from.","C) in."],
		    ["A) live","B) lives","C) living"],
		    ["A) on","B) in ","C) under"],
		    ["A) has","B) is","C) have"],
		    ["A) We ","B) they ","C) her"],
		    ["A) their ","B) they ","C) my"],
		    ["A) pupıl ","B) family ","C) teacher"],
		    ["A) getting up ","B) get up ","C) gets up "],
		    ["A) but ","B) finally ","C) first"],
		    ["A) have ","B) drink ","C) get"],
		    ["A) before ","B) or ","C) next"],
		    ["A) our ","B) his ","C) my"],
		    ["A) finally ","B) first ","C) but"],
		    ["A) in ","B) on ","C) at"],
		    ["A) eat ","B) eating ","C) eats"],
		    ["A) watching ","B) watches ","C) watch"],
		    ["A) don't ","B) doesn't ","C) isn't"],
		    ["A) with ","B) for ","C) to"],
		    ["A) our ","B) they ","C) we"],
		    ["A) day ","B) weekend ","C) month"]
		    ],
		    "respuestas_correctas":[1,0,1,2,1,0,1,1,2,0,2,2,0,2,0,0,1,0,2,1]
		  },
		  {
		    "parte":5,
		    "enunciado_general":"Lee el artículo y luego responda a las preguntas. En las preguntas 36 a 41 marque A, B ò C en su hoja de respuestas.",
		    "titulo":"Artículo",
		    "texto":"Becky was visiting Aunt Agatha at her house at the beach. It was a beautiful summer day. Becky had built a giant sand castle that morning. Aunt Agatha took pictures of the castle to send to Becky’s parents. It was a great big sand castle. Later that morning, Becky and Aunt Agatha went swimming in the ocean. It was fun to jump with the waves. Then, they went in the house and ate sandwiches and strawberries for lunch. Becky wanted to play on the beach that afternoon. Aunt Agatha told her it was too hot to go outside without a hat on. Becky didn’t have a hat. Aunt Agatha told her not to worry, she could wear one of hers. Becky tried on four hats. The pink one was really pretty, but it had a big bow in the back that was too long for Becky. The green hat was too fancy for Becky. She did not like that hat at all. The blue hat was nice, but it had an ugly bird on it. Then, Becky saw a big brown hat with a yellow ribbon on it. That hat was made of straw. It was a perfect hat for the beach. It was too big for Becky’s head but she didn’t care. It was a great hat.",
		    "preguntas":[
		    "36. Where was Becky?",
		    "37. Why didn't Becky like the blue hat?",
		    "38. Why didn't Becky want to wear the pink hat?",
		    "39. Why did Aunt Agatha want Becky to wear a hat?",
		    "40. Why did Becky like the brown hat?",
		    "41. Who was Becky visiting?"
		    ],
		    "respuestas":[
		    ["A. at the store","B. at the beach","C. at school","d. at home"],
		    ["a. it was too fancy","b. it was new","c. it had an ugly bird on it","d. it was old"],
		    ["a. the bow was too long","b. it had a flower","c. it had a bird on it","d. it was dirty"],
		    ["a. it was raining","b. it was too hot","c. it was cold","d. it was snowing"],
		    ["a. it was ugly","b. it was perfect","c. it was too big","d. it was cold"],
		    ["a. her Grandparents","b. her friends","c. her sister","d. her Aunt Agatha"]
		    ],
		    "respuestas_correctas":[1,2,0,1,1,3]
		  },
		  {
		    "parte":6,
		    "enunciado_general":"Lee el siguiente texto. En las preguntas 42 a 47, marque A, B, C ò D en su hoja de respuestas.",
		    "titulo":"Artículo",
		    "texto":"<span class='tx_2_p1'>Shop assistant:</span> Good afternoon! Can I help you?<br><span class='tx_2_p2'>Meg: </span> Yes, please. I'd like to exchange this T-shirt. I bought it last weekend for my sister's birthday, but it's too small.<br><span class='tx_2_p1'>Shop assistant:</span> Oh, all right. Do you have the receipt?<br><span class='tx_2_p2'>Meg: </span> Yes, I do. Here you are.<br><span class='tx_2_p1'>Shop assistant:</span>Thank you. Come with me, please. The T-shirts are overthere on the left. (…) I'm afraid we only have size Medium in light blue,yellow and white.<br><span class='tx_2_p2'>Meg: </span> Hmm... let me see... yellow maybe? What do you say Anne?<br><span class='tx_2_p3'>Anne:</span> Well,… it's cool, but I prefer the blue one. It goes well with hernew jeans.<br><span class='tx_2_p2'>Meg: </span> Yeah, you're right. I'll take the blue one then.<br><span class='tx_2_p1'>Shop assistant:</span> Is there anything else I can do for you?<br><span class='tx_2_p2'>Meg: </span> Yes, please. I'm looking for a fancy miniskirt to go with this whiteshirt… let me show you… I have it in the bag…<br><span class='tx_2_p1'>Shop assistant:</span> Oh, what a beautiful shirt. I know exactly what you need. Over here, please. Take a look at these skirts. They've just arrived…<br><span class='tx_2_p3'>Anne:</span> Wow! Look at this one in black, Meg! So cool!<br><span class='tx_2_p2'>Meg: </span> It is indeed! What colors do you have?<br><span class='tx_2_p1'>Shop assistant:</span> Hmm... I'm not sure. I'll check it for you. (….)We also have it in navy blue, brown, dark green and red.<br><span class='tx_2_p2'>Meg: </span> Well,… I think I like the green one. Can I try it on?<br><span class='tx_2_p1'>Shop assistant:</span> Certainly. What size are you?<br><span class='tx_2_p2'>Meg: </span> Well, I usually take size 6, but it depends on the brand.<br><span class='tx_2_p1'>Shop assistant:</span> Oh, OK. I'll get you a 6 and an 8 then. (…) Please come with me. The changing rooms are over there (…) How does it fit?<br><span class='tx_2_p3'>Anne:</span> Wow, I love it! You look amazing Meg!<br><span class='tx_2_p1'>Shop assistant:</span> Yes, you do indeed. That's size 6, isn't it?<br><span class='tx_2_p2'>Meg: </span> Yeah! I love it too! How much is it?<br><span class='tx_2_p1'>Shop assistant:</span> £12, I believe. Let me check the tag… Well, it's £12,99.<br><span class='tx_2_p3'>Anne:</span> It's not expensive. And you've got the money your granny gaveyou for Christmas.<br><span class='tx_2_p2'>Meg: </span> Yeah, that's right. I think I'll take it. Can I pay by credit card?<br><span class='tx_2_p1'>Shop assistant:</span> Certainly. Over here, please. (…)Your card and your receipt… Please, keep the receipt in case you want to exchange the skirt. You have 15 days …<br><span class='tx_2_p2'>Meg: </span> Oh, Thanks! Bye.<br><span class='tx_2_p1'>Shop assistant:</span> Bye. Have a nice day!<br>",
		    "preguntas":[
		    "42. Meg went shopping ....",
		    "43. 2. She went into a .... shop.",
		    "44. 3. Meg's sister wears size....",
		    "45. 4. Meg is looking for a .... for herself",
		    "46. Anne.... Meg's choice.",
		    "47. Meg pays....than £15."
		    ],
		    "respuestas":[
		    ["A) alone","B)with granny","C) with a friend"],
		    ["A) clothes","B) shoe","C) sports"],
		    ["A) small","B) medium","C) large"],
		    ["A) skirt","B) shirt","C) T-shirt"],
		    ["A) hates","B) doesn't like","C) likes"],
		    ["A) less","B) more","C) much more"]
		    ],
		    "respuestas_correctas":[2,0,1,2,2,0]
		  },
		  {
		    "parte":7,
		    "enunciado_general":"Responde las preguntas 48 a 64 de acuerdo con el siguiente texto.",
		    "titulo":"Types of friends",
		    "texto":"Different people have different tastes and <span class='tx_1'>(48)__</span> and <span class='tx_1'>(49)__</span> they make different types of friends. They have a tendency <span class='tx_1'>(50)__</span> with some and stay away from others. It is said that 'A friend to all is a friend to none'. We tend <span class='tx_1'>(51)__</span> new people almost every day but out of those numerous people, we want <span class='tx_1'>(52)__</span> friends with only those people <span class='tx_1'>(53)__</span> share some similar traits or attitudes. With time and growing trust, some people get really close to each other and remain true friends. They stand up for each other in times of need and provide full support <span class='tx_1'>(54)__</span> you lose confidence in yourself. However, every friend is not the same type. We have different equations with different friends. Some friends are patient and <span class='tx_1'>(55)__</span> while some friends are cheerful and caring. This categorization will also help you <span class='tx_1'>(56)__</span> your relation with some individuals. Read on and explore more about the type of friendship you share with the different individuals in your circle.<br><br><h4 class='tx_titulo_1'>Animal Friends</h4><br>It has <span class='tx_1'>(57)__</span> said, 'Animals are such wonderful creatures, <span class='tx_1'>(58)__</span> they ask no questions'. Humans and animals have formed a special bond with each other <span class='tx_1'>(59)__</span> time immemorial. It is not without reason that has somebody has said that ‘A dog is a man's best friend’. The relation we share with animals is a very warm and protective one.<br><br><h4 class='tx_titulo_1'> Internet Friends</h4><br>Internet has <span class='tx_1'>(60)__</span> become not only a vital necessity but <span class='tx_1'>(61)__</span> a virtual world for people. People use it <span class='tx_1'>(62)__</span> work connections, and it has also become a popular medium for social networking. With increasing Internet usage, the movement towards Internet friendship has also become popular. Online friends are those people who have met each other through the Internet. Making internet friends is similar to making pen pals.<br><br><h4 class='tx_titulo_1'>Pen Friends</h4><br>Pen friendship used <span class='tx_1'>(63)__</span> quite a popular way to make new friends. Pen friendship was developed <span class='tx_1'>(64)__</span> people wrote to each other regularly through postal mail. It was a popular means <span class='tx_1'>(65)__</span> friends in different parts of the world before the Internet came into scene. Pen pals are more or less like e-friends. Mostly, pen friendship aims at learning other cultures and different lifestyles.",
		    "preguntas":[
		    "48.",
		    "49.",
		    "50.",
		    "51.",
		    "52.",
		    "53.",
		    "54.",
		    "55.",
		    "56.",
		    "57.",
		    "58.",
		    "59.",
		    "60.",
		    "61.",
		    "62.",
		    "63.",
		    "64.",
		    "65."
		    ],
		    "respuestas":[
		    ["(a) personal","(b) personally","(c) personalities","(d) persons"],
		    ["(a) for this reason","(b) in addition","(c) however","(d) also"],
		    ["(a) bond","(b) bonds","(c) bonding","(d) to bond"],
		    ["(a) meet","(b) to meet","(c) meeting","(d) met"],
		    ["(a) to be","(b) being","(c) Been","(d) be"],
		    ["(a) where","(b) whose","(c) Which","(d) who"],
		    ["(a) that","(b) which","(c) When","(d) where"],
		    ["(a) helpful","(b) help","(c) helpless","(d) helpfully"],
		    ["(a) improvingly","(b) improves","(c) improving","(d) improve"],
		    ["(a) to be","(b) been","(c) Be","(d) being"],
		    ["(a) however","(b) also","(c) because","(d) to"],
		    ["(a) in","(b) since","(c) up to","(d) until"],
		    ["(a) lately","(b) just","(c) already","(d) since"],
		    ["(a) also","(b) however","(c) consequently","(d) as a result"],
		    ["(a) made","(b) to make","(c) making","(d) make"],
		    ["(a) been","(b) being","(c) Be","(d) to be"],
		    ["(a) which","(b) when","(c) Who","(d) where"],
		    ["(a) making","(b) make","(c) Made","(d) to make"]
		    ],
		    "respuestas_correctas":[2,0,3,1,0,3,2,0,3,1,2,1,2,0,1,3,1,0]
		  }
	]
}