 {

 "array_json_prueba_1":[
   {
    "parte": 1,
    "enunciado_general":"¿En dónde puede ver estos avisos?En las preguntas 1-5 marque A, B ò C en su hoja de respuestas.",
    "preguntas":[
    "1.",
    "2.",
    "3.",
    "4.",
    "5."
    ],
    "respuestas":[
    ["A. On a public street","B. In a restaurant","C. In a gas station"],
    ["A. In a bar","B. On a street post","C. In a sports complex"],
    ["A. In a stadium dressing room","B. On a pedestrian bridge","C. In a parking lot"],
    ["A. On a street post","B. On a wall in your house","C. At the iShop"],
    ["A. On a cupboard","B. On an advertising board","C. On an armored car"]
    ],
    "respuestas_correctas":[2,2,2,0,1],
    "imagen":[
    "http://www.pruebastipoicfes.com/img/8pr_2_1.png",
    "http://www.pruebastipoicfes.com/img/8pr_2_2.png",
    "http://www.pruebastipoicfes.com/img/8pr_2_3.png",
    "http://www.pruebastipoicfes.com/img/8pr_2_4.png",
    "http://www.pruebastipoicfes.com/img/8pr_2_5.png"
    ]

   },

 {
    "parte": 2,
   "enunciado_general": "¿Cuál palabra (A-H) concuerda con la descripción de la frase de la izquierda(6-10)? En las preguntas 6-10 marque A a H.",
   
    "preguntas": ["6. It is one of the main image file formats on the Internet.",
    "7. It is a way of sending messages over the internet.",
    "8. The smallest unit of measurement in computing.",
    "9. A video, photo or article experiences a suddenspike in popularity in a short period of time.",
    "10.Conventional method of transmitting data."],

    "respuestas": [
    ["A. Viral","B. PDF","C. Online","D. Bit","E. Analogue","F. GIF ","G. Email","H. Internet"],
    ["A. Viral","B. PDF","C. Online","D. Bit","E. Analogue","F. GIF ","G. Email","H. Internet"],
    ["A. Viral","B. PDF","C. Online","D. Bit","E. Analogue","F. GIF ","G. Email","H. Internet"],
    ["A. Viral","B. PDF","C. Online","D. Bit","E. Analogue","F. GIF ","G. Email","H. Internet"],
    ["A. Viral","B. PDF","C. Online","D. Bit","E. Analogue","F. GIF ","G. Email","H. Internet"]],
   "respuestas_correctas":[5,6,3,0,4]
  },

  {
    "parte": 3,
    "enunciado_general":"En las preguntas 11 a 15, marque A, B, C o D en su hoja de respuestas.",
    "preguntas":[
    "11. Participant 1: “The police need our help finding a robber.” ",
    "12. Participant 1: “Did you buy the converter?” ",
    "13. Participant 1: “If you had the option, would you travel to Japan?” ",
    "14. Participant 1: “What are you getting for your mom?” ",
    "15. Participant 1: “She loves the snow.” "
    ],
    "respuestas":[
    ["A. Am I guilty?","B. I don’t like robbers.","C. How do you know?","D. I can’t believe your luck."],
    ["A. Yes, I bought a pizza for you.","B. I’m not sure about that information.","C. No, I don't need one because I bought a digital TV.","D. I love converters."],
    ["A. That’s an eerie night.", "B. I’m still surprised.","C. Sure! I love Asian culture.","D. How can I solve it?"],
    ["A. What are you talking about?","B. I liked your house.","C. So, let’s do it again.","D. She is the best member of my family."],
    ["A. No, I prefer to drink coffee.","B. Thanks, they are nice.", "C. Never mind!","D. Yes, it is fun."]
    ],
     "respuestas_correctas":[2,2,2,0,3]
  },
  {
    "parte":4,
    "enunciado_general":"Lee el texto de la siguiente parte. Escoja la palabra (A, B,C o D) para cada espacio. En las preguntas 16 a 23 marque A, B, C o D en su hoja de respuestas.",
    "titulo":"WORKING DAY",
    "texto":"My working day <span class='tx_1'>(16) ___</span> very early. From Monday to Friday I get up at halfpast three and I have a <span class='tx_1'>(17) ___</span> and a cup of coffee. I usually leave thehouse at ten past four because the car always (18) ___</span> a few minutes early. Iget to the studio <span class='tx_1'>(19) ___</span> about five o&#39;clock and start work. <span class='tx_1'>(20) ___</span>programme Good Morning Britain starts at seven o&#39;clock and finishes at nineo&#39;clock. Then I leave the studio at a quarter past ten. After that, I go shoppingand visit some friends. I get home at three o&#39;clock. A woman helps me withthe housework and the ironing. I read a newspaper and do some work. Thenmy husband <span class='tx_1'>(21) ___</span> home at half past five in the evening and I cook dinner.We stay at home in the evening. We <span class='tx_1'>(22) ___</span> go out because I go to bedvery early. We usually watch television and then I go to bed at half past eight,I&#39;m usually asleep by nine o&#39;clock. I think my job is very interesting but I don&#39;tlike <span class='tx_1'>(23) ___</span> up very early.",
    "preguntas":[
    "16",
    "17",
    "18",
    "19",
    "20",
    "21",
    "22",
    "23"],
    "respuestas":[
    ["a) star","b) stars ","c) starts","d. start"],
    ["a) shower","b) sink ","c) bathroom","d. tub"],
    ["a) arrives","b) arrive","c) does arrives ","d. done"],
    ["a) in","b) on ","c) under","d. at"],
    ["a) Its","b) My","c) His","d. Your"],
    ["a) getting is","b) get","c) gets","d. hopes"],
    ["a) ain’t","b) do’nt","c) doesn’t","d. don’t"],
    ["a) gets","b) getting ","c) get","d. got"]
    ],
    "respuestas_correctas":[2,0,0,3,1,2,3,1]

  },
  {
    "parte":5,
    "enunciado_general":"Lee el artículo y luego responda a las preguntas. En las preguntas 24 a 30 marque A, B ò C en su hoja de respuestas.",
    "titulo":"FINDING AN APARTMENT",
    "texto":"Mike and Maria both lived in a one-bedroom apartment in the city of Pasadena. It hadbeen only a few months that they had been living there. The city of Pasadena was arelatively calm place. Mike had grown up in Pasadena. He had established a strong bondwith the town, and was eager to go back to his childhood residence. Mike had beenliving in Los Angeles when he was dating Maria. When Mike and Maria decided to movein together, Pasadena was Mike&#39;s first choice of location to relocate to. Maria did nothave any objections. She agreed, and they both began looking for apartments. Theylooked through the newspaper section that listed housings. After a week of searchingthey came across a nice one bedroom apartment. They called the landlord to set up anappointment to go see the place in person.",
    "preguntas":[
    "24. The new artistic director of Louis Vuitton is:",
    "25. Virgil Abloh is the founder of:",
    "26. The replacement of Kim Jones at Christian Dior is:",
    "27. Virgil Abloh will be the second man of color in charge of:",
    "28. This person’s name is not associated with Louis Vuitton CEO:",
    "29. Michael Burke is impressed by Virgil Abloh’s:",
    "30. Virgil Abloh’s first show will take place during:"
    ],
   
    "respuestas":[
    ["a) The city of Pasadena","b) The city of New York","c) The city of Boston"],
    ["a) Six months ago","b) One and half month ago","c) few months ago"],
    ["a) After a year","b) After a month","c) After a week "],
    ["a) Paris","b) Pasadena","c) Los Angeles"],
    ["a) Los Ángeles"," b) New York"," c) Pasadena"],
    ["a) Come back to Mike’s town","b) Come back to Maria’s town","c) Have a baby in Los Angeles"],
    ["a) Editorial","b) Housing","c) Opinion"]
    ],
    "respuestas_correctas":[0,2,2,1,0,0,1]
  },
  {
    "parte":6,
    "enunciado_general":"Lee el siguiente texto.En las preguntas 31 a 35, marque A, B, C ò D en su hoja de respuestas",
    "titulo":"HUNGRY WOLF",
    "texto":"This is a short story about Hungry Wolf. Once, a wolf was very hungry. It looked for food here and there. But it couldn't get any. At last it found a loaf of bread and piece of meat in the hole of a tree. The hungry wolf squeezed into the hole. It ate all the food. It was a woodcutter's lunch. He was on his way back to the tree to have lunch. But he saw there was no food in the hole, instead, a wolf. On seeing the woodcutter, the wolf tried to get out of the hole. But it couldn't. Its tummy was swollen. The woodcutter used his ax to cut the wolf out of the tree, and laughed as it ran into the forest.",
    "preguntas":[
    "31. What does the author suggest when he says: “Public outrage is coming to a head.”",
    "32. What is the writer trying to do in this article?",
    "33. From the reading, we can conclude and infer that:",
    "34. What is the main problem of the reading:",
    "35. The type of text that is presented in the article is:"],

    "respuestas":[
    ["a. To show the reality of the jungle","b. To teach us a lesson","c. To tell the story of a wolf","d. To write a tale"],
    ["a. He felt so angry","b. He felt so scared","c. He felt sad","d. He felt not too bad"],
    ["a. Because he didn’t like to kill","b. Because he wanted to help the wolf ","c. Because he saw the wolf in trouble","d. Because he wasn’t really hungry"],
    ["a. Humans and animals could be like friends","b. The jungle is so horrible","c. The woodcutter was a bad man","d. Animals always teach us something"],
    ["a. The angry woodcutter","b. The hungry wolf","c. The dangerous jungle","d. The bad weather"]
    ],
     "respuestas_correctas":[1,3,2,0,1]
  },
  {
    "parte":7,
    "enunciado_general":"Responde las preguntas 36 a 45 de acuerdo con el siguiente texto",
    "titulo":"MAN INJURED AT FAST FOOD PLACE",
    "texto":"A 79-year-old man was slightly injured on Saturday while waiting in his brand new convertible in a drive-through lane at Burger Prince <span class='tx_1'>(36) ___.</span> Herman Sherman of Northville <span class='tx_1'>(37) ___</span> a <span class='tx_1'>(38) ___</span> burn about 9:00 p.m. when a young female <span class='tx_1'>(39) ___</span> accidentally spilled a cup of coffee into his lap. Sherman said the <span class='tx_1'>(40) ___</span> was hot but not scalding.<br>He refused medical <span class='tx_1'>(41) ___</span>, saying the only problem was the stain on his <span class='tx_1'>(42) ___</span>, but it would wash out. He was given a fresh refill. Before Sherman drove off, the restaurant manager, John Johnson, <span class='tx_1'>(43) ___</span> him two free gift certificates--one for an extra-large coffee and one for the restaurant's newest sandwich, the McRap. The employee, who was a new <span class='tx_1'>(44) ___</span>, was let go later that evening. She was quite upset. She said she would probably sue Burger Prince for letting her go. She said it was the man's fault for ordering something that she might be able to <span class='tx_1'>(45) ___</span>.",
    "preguntas":[
    "36",
    "37",
    "38",
    "39",
    "40",
    "41",
    "42",
    "43",
    "44",
    "45"
    ],
    "respuestas":[
    ["a. Supermarket","b. Gym","c. Restaurant ","d. Bar"],
    ["a. suffered","b. burnt ","c. did ","d. worked"],
    ["a. hard","b. mild","c. delicious","d. mysterious"],
    ["a. mechanic","b. employee","c. teacher","d. secretary"],
    ["a. coffee","b. beer","c. soup","d. soap"],
    ["a. pain","b. helps","c. aid","d. hurt "],
    ["a. hands ","b. slacks","c. shoes","d. socks"],
    ["a. stole","b. broke","c. paid","d. gave"],
    ["a. hire","b. deal","c. discount","d. workers"],
    ["a. prepare","b. dry","c. stain","d. spill"]
    
    ],
    "respuestas_correctas":[2,0,1,1,0,2,1,3,0,3]
    }
  ]
}

